时间,会话ID,模型,输入tokens,输出tokens,缓存读取,缓存创建,总计tokens,用户提示词,回复摘要
2026-07-15T13:53:35.952Z,b71d418c-abee-4667-aeb7-2d6eb434db7a,deepseek-v4-pro,26691,525,0,0,27216,<ide_opened_file>The user opened the file /home/lili/TC_try/rank_result_deepseek_pro/activemq_git_a37c111a7522ab0307fc2bba877ce820538f5c3c/a37c111/run_20260715_153215/dataset_variants/with_non_regress,
2026-07-15T13:53:37.141Z,b71d418c-abee-4667-aeb7-2d6eb434db7a,deepseek-v4-pro,26691,525,0,0,27216,,
2026-07-15T13:53:37.560Z,b71d418c-abee-4667-aeb7-2d6eb434db7a,deepseek-v4-pro,26691,525,0,0,27216,,
2026-07-15T13:53:38.021Z,b71d418c-abee-4667-aeb7-2d6eb434db7a,deepseek-v4-pro,26691,525,0,0,27216,,
2026-07-15T13:53:38.474Z,b71d418c-abee-4667-aeb7-2d6eb434db7a,deepseek-v4-pro,26691,525,0,0,27216,,
2026-07-15T13:53:53.287Z,b71d418c-abee-4667-aeb7-2d6eb434db7a,deepseek-v4-pro,19303,1897,27136,0,21200,,
2026-07-15T13:54:12.841Z,b71d418c-abee-4667-aeb7-2d6eb434db7a,deepseek-v4-pro,794,483,48256,0,1277,,
2026-07-15T13:54:14.898Z,b71d418c-abee-4667-aeb7-2d6eb434db7a,deepseek-v4-pro,794,483,48256,0,1277,,
2026-07-15T13:54:15.684Z,b71d418c-abee-4667-aeb7-2d6eb434db7a,deepseek-v4-pro,794,483,48256,0,1277,,
2026-07-15T13:54:20.148Z,b71d418c-abee-4667-aeb7-2d6eb434db7a,deepseek-v4-pro,5012,818,49408,0,5830,,
2026-07-15T13:54:21.998Z,b71d418c-abee-4667-aeb7-2d6eb434db7a,deepseek-v4-pro,5012,818,49408,0,5830,,
2026-07-15T13:54:22.766Z,b71d418c-abee-4667-aeb7-2d6eb434db7a,deepseek-v4-pro,5012,818,49408,0,5830,,
2026-07-15T13:54:23.481Z,b71d418c-abee-4667-aeb7-2d6eb434db7a,deepseek-v4-pro,5012,818,49408,0,5830,,
2026-07-15T13:54:29.146Z,b71d418c-abee-4667-aeb7-2d6eb434db7a,deepseek-v4-pro,7989,854,55168,0,8843,,
2026-07-15T13:54:31.071Z,b71d418c-abee-4667-aeb7-2d6eb434db7a,deepseek-v4-pro,7989,854,55168,0,8843,,
2026-07-15T13:54:31.792Z,b71d418c-abee-4667-aeb7-2d6eb434db7a,deepseek-v4-pro,7989,854,55168,0,8843,,
2026-07-15T13:54:32.634Z,b71d418c-abee-4667-aeb7-2d6eb434db7a,deepseek-v4-pro,7989,854,55168,0,8843,,
2026-07-15T13:54:50.759Z,b71d418c-abee-4667-aeb7-2d6eb434db7a,deepseek-v4-pro,10067,1831,64000,0,11898,,
2026-07-15T13:54:52.562Z,b71d418c-abee-4667-aeb7-2d6eb434db7a,deepseek-v4-pro,10067,1831,64000,0,11898,,
2026-07-15T13:54:53.316Z,b71d418c-abee-4667-aeb7-2d6eb434db7a,deepseek-v4-pro,10067,1831,64000,0,11898,,
2026-07-15T13:55:48.485Z,b71d418c-abee-4667-aeb7-2d6eb434db7a,deepseek-v4-pro,4986,6507,75776,0,11493,,
2026-07-15T13:55:50.737Z,b71d418c-abee-4667-aeb7-2d6eb434db7a,deepseek-v4-pro,4986,6507,75776,0,11493,,
2026-07-15T13:55:51.631Z,b71d418c-abee-4667-aeb7-2d6eb434db7a,deepseek-v4-pro,4986,6507,75776,0,11493,,
2026-07-15T13:55:52.588Z,b71d418c-abee-4667-aeb7-2d6eb434db7a,deepseek-v4-pro,4986,6507,75776,0,11493,,
2026-07-15T13:56:02.740Z,b71d418c-abee-4667-aeb7-2d6eb434db7a,deepseek-v4-pro,6329,19550,87168,0,25879,,
2026-07-15T13:58:25.972Z,b71d418c-abee-4667-aeb7-2d6eb434db7a,deepseek-v4-pro,12411,516,113024,0,12927,,
2026-07-15T13:58:43.743Z,b71d418c-abee-4667-aeb7-2d6eb434db7a,deepseek-v4-pro,194,669,125824,0,863,,
2026-07-15T13:58:52.203Z,b71d418c-abee-4667-aeb7-2d6eb434db7a,deepseek-v4-pro,857,328,125952,0,1185,,
2026-07-15T13:59:10.596Z,b71d418c-abee-4667-aeb7-2d6eb434db7a,deepseek-v4-pro,448,469,127104,0,917,,
2026-07-15T14:03:06.795Z,b71d418c-abee-4667-aeb7-2d6eb434db7a,deepseek-v4-pro,4117,612,128000,0,4729,<task-notification> <task-id>af8b14a673d0c2f52</task-id> <tool-use-id>call_02_Tf5MyPsWSjfnq3JZmB6v9117</tool-use-id> <output-file>/tmp/claude-1000/-home-lili/b71d418c-abee-4667-aeb7-2d6eb434db7a/tasks,
2026-07-15T14:03:10.852Z,b71d418c-abee-4667-aeb7-2d6eb434db7a,deepseek-v4-pro,777,435,132608,0,1212,,
2026-07-15T16:03:08.896Z,828a2aab-876b-4d78-badc-55b1e880ba09,deepseek-v4-pro,26691,306,0,0,26997,<ide_opened_file>The user opened the file /home/lili/TC_try/rank_result_deepseek_pro/activemq_git_a37c111a7522ab0307fc2bba877ce820538f5c3c/a37c111/run_20260715_153215/dataset_variants/without_non_regr,
2026-07-15T16:03:12.703Z,828a2aab-876b-4d78-badc-55b1e880ba09,deepseek-v4-pro,388,446,26624,0,834,,
2026-07-15T16:03:13.844Z,828a2aab-876b-4d78-badc-55b1e880ba09,deepseek-v4-pro,388,446,26624,0,834,,
2026-07-15T16:03:14.233Z,828a2aab-876b-4d78-badc-55b1e880ba09,deepseek-v4-pro,388,446,26624,0,834,,
2026-07-15T16:03:14.688Z,828a2aab-876b-4d78-badc-55b1e880ba09,deepseek-v4-pro,388,446,26624,0,834,,
2026-07-15T16:03:15.143Z,828a2aab-876b-4d78-badc-55b1e880ba09,deepseek-v4-pro,388,446,26624,0,834,,
2026-07-15T16:03:25.017Z,828a2aab-876b-4d78-badc-55b1e880ba09,deepseek-v4-pro,18207,858,27392,0,19065,,
2026-07-15T16:03:30.825Z,828a2aab-876b-4d78-badc-55b1e880ba09,deepseek-v4-pro,904,665,45568,0,1569,,
2026-07-15T16:04:03.162Z,828a2aab-876b-4d78-badc-55b1e880ba09,deepseek-v4-pro,748,632,47104,0,1380,,
2026-07-15T16:04:05.372Z,828a2aab-876b-4d78-badc-55b1e880ba09,deepseek-v4-pro,748,632,47104,0,1380,,
2026-07-15T16:04:06.194Z,828a2aab-876b-4d78-badc-55b1e880ba09,deepseek-v4-pro,748,632,47104,0,1380,,
2026-07-15T16:04:14.873Z,828a2aab-876b-4d78-badc-55b1e880ba09,deepseek-v4-pro,5488,950,48384,0,6438,,
2026-07-15T16:04:17.289Z,828a2aab-876b-4d78-badc-55b1e880ba09,deepseek-v4-pro,5488,950,48384,0,6438,,
2026-07-15T16:04:18.443Z,828a2aab-876b-4d78-badc-55b1e880ba09,deepseek-v4-pro,5488,950,48384,0,6438,,
2026-07-15T16:04:40.166Z,828a2aab-876b-4d78-badc-55b1e880ba09,deepseek-v4-pro,3924,2221,53760,0,6145,,
2026-07-15T16:04:42.754Z,828a2aab-876b-4d78-badc-55b1e880ba09,deepseek-v4-pro,3924,2221,53760,0,6145,,
2026-07-15T16:04:44.116Z,828a2aab-876b-4d78-badc-55b1e880ba09,deepseek-v4-pro,3924,2221,53760,0,6145,,
2026-07-15T16:04:51.370Z,828a2aab-876b-4d78-badc-55b1e880ba09,deepseek-v4-pro,3224,613,57600,0,3837,,
2026-07-15T16:04:53.299Z,828a2aab-876b-4d78-badc-55b1e880ba09,deepseek-v4-pro,3224,613,57600,0,3837,,
2026-07-15T16:05:03.171Z,828a2aab-876b-4d78-badc-55b1e880ba09,deepseek-v4-pro,2993,1125,61312,0,4118,,
2026-07-15T16:05:05.570Z,828a2aab-876b-4d78-badc-55b1e880ba09,deepseek-v4-pro,2993,1125,61312,0,4118,,
2026-07-15T16:05:06.759Z,828a2aab-876b-4d78-badc-55b1e880ba09,deepseek-v4-pro,2993,1125,61312,0,4118,,
2026-07-15T16:05:25.368Z,828a2aab-876b-4d78-badc-55b1e880ba09,deepseek-v4-pro,129,1810,65408,0,1939,,
2026-07-15T16:05:27.639Z,828a2aab-876b-4d78-badc-55b1e880ba09,deepseek-v4-pro,129,1810,65408,0,1939,,
2026-07-15T16:05:28.720Z,828a2aab-876b-4d78-badc-55b1e880ba09,deepseek-v4-pro,129,1810,65408,0,1939,,
2026-07-15T16:05:41.708Z,828a2aab-876b-4d78-badc-55b1e880ba09,deepseek-v4-pro,4461,1002,67328,0,5463,,
2026-07-15T16:05:45.876Z,828a2aab-876b-4d78-badc-55b1e880ba09,deepseek-v4-pro,1126,498,71680,0,1624,,
2026-07-15T16:05:48.708Z,828a2aab-876b-4d78-badc-55b1e880ba09,deepseek-v4-pro,1126,498,71680,0,1624,,
2026-07-15T16:05:50.053Z,828a2aab-876b-4d78-badc-55b1e880ba09,deepseek-v4-pro,1126,498,71680,0,1624,,
2026-07-15T16:07:13.442Z,828a2aab-876b-4d78-badc-55b1e880ba09,deepseek-v4-pro,2521,3719,73216,0,6240,,
2026-07-15T16:08:55.155Z,828a2aab-876b-4d78-badc-55b1e880ba09,deepseek-v4-pro,8529,6061,79360,0,14590,,
2026-07-15T16:09:14.469Z,828a2aab-876b-4d78-badc-55b1e880ba09,deepseek-v4-pro,7619,11819,93824,0,19438,,
2026-07-15T16:10:55.462Z,828a2aab-876b-4d78-badc-55b1e880ba09,deepseek-v4-pro,214,335,113152,0,549,,
2026-07-15T16:11:25.706Z,828a2aab-876b-4d78-badc-55b1e880ba09,deepseek-v4-pro,478,270,113664,0,748,,
2026-07-15T16:11:30.592Z,828a2aab-876b-4d78-badc-55b1e880ba09,deepseek-v4-pro,212,264,114304,0,476,,
2026-07-15T16:11:35.200Z,828a2aab-876b-4d78-badc-55b1e880ba09,deepseek-v4-pro,132,502,114688,0,634,,
2026-07-15T13:54:31.616Z,01eaa60f-79ef-4e9f-b7dc-a5a5bf87f04a,deepseek-v4-pro,26600,441,0,0,27041,<ide_opened_file>The user opened the file /home/lili/TC_try/rank_result_deepseek_pro/hadoop_git_da0dbf1/da0dbf1/run_20260715_152650/dataset_variants/with_non_regression/model_prompt.txt in the IDE. Th,
2026-07-15T13:54:32.642Z,01eaa60f-79ef-4e9f-b7dc-a5a5bf87f04a,deepseek-v4-pro,26600,441,0,0,27041,,
2026-07-15T13:54:33.061Z,01eaa60f-79ef-4e9f-b7dc-a5a5bf87f04a,deepseek-v4-pro,26600,441,0,0,27041,,
2026-07-15T13:54:33.862Z,01eaa60f-79ef-4e9f-b7dc-a5a5bf87f04a,deepseek-v4-pro,26600,441,0,0,27041,,
2026-07-15T13:54:57.882Z,01eaa60f-79ef-4e9f-b7dc-a5a5bf87f04a,deepseek-v4-pro,23096,2162,27008,0,25258,,
2026-07-15T13:55:12.039Z,01eaa60f-79ef-4e9f-b7dc-a5a5bf87f04a,deepseek-v4-pro,3094,2148,52224,0,5242,,
2026-07-15T13:55:33.979Z,01eaa60f-79ef-4e9f-b7dc-a5a5bf87f04a,deepseek-v4-pro,689,266,57344,0,955,,
2026-07-15T13:55:38.309Z,01eaa60f-79ef-4e9f-b7dc-a5a5bf87f04a,deepseek-v4-pro,77,208,58240,0,285,,
2026-07-15T13:55:43.901Z,01eaa60f-79ef-4e9f-b7dc-a5a5bf87f04a,deepseek-v4-pro,1275,569,58496,0,1844,,
2026-07-15T13:55:45.137Z,01eaa60f-79ef-4e9f-b7dc-a5a5bf87f04a,deepseek-v4-pro,1275,569,58496,0,1844,,
2026-07-15T13:55:45.796Z,01eaa60f-79ef-4e9f-b7dc-a5a5bf87f04a,deepseek-v4-pro,1275,569,58496,0,1844,,
2026-07-15T13:55:46.356Z,01eaa60f-79ef-4e9f-b7dc-a5a5bf87f04a,deepseek-v4-pro,1275,569,58496,0,1844,,
2026-07-15T13:55:46.974Z,01eaa60f-79ef-4e9f-b7dc-a5a5bf87f04a,deepseek-v4-pro,1275,569,58496,0,1844,,
2026-07-15T13:56:15.059Z,01eaa60f-79ef-4e9f-b7dc-a5a5bf87f04a,deepseek-v4-pro,6557,2689,60288,0,9246,,
2026-07-15T13:56:16.483Z,01eaa60f-79ef-4e9f-b7dc-a5a5bf87f04a,deepseek-v4-pro,6557,2689,60288,0,9246,,
2026-07-15T13:56:17.100Z,01eaa60f-79ef-4e9f-b7dc-a5a5bf87f04a,deepseek-v4-pro,6557,2689,60288,0,9246,,
2026-07-15T13:56:17.810Z,01eaa60f-79ef-4e9f-b7dc-a5a5bf87f04a,deepseek-v4-pro,6557,2689,60288,0,9246,,
2026-07-15T13:56:18.615Z,01eaa60f-79ef-4e9f-b7dc-a5a5bf87f04a,deepseek-v4-pro,6557,2689,60288,0,9246,,
2026-07-15T13:56:41.535Z,01eaa60f-79ef-4e9f-b7dc-a5a5bf87f04a,deepseek-v4-pro,4682,2159,69504,0,6841,,
2026-07-15T13:56:43.594Z,01eaa60f-79ef-4e9f-b7dc-a5a5bf87f04a,deepseek-v4-pro,4682,2159,69504,0,6841,,
2026-07-15T13:56:53.438Z,01eaa60f-79ef-4e9f-b7dc-a5a5bf87f04a,deepseek-v4-pro,3811,785,74112,0,4596,,
2026-07-15T13:56:59.366Z,01eaa60f-79ef-4e9f-b7dc-a5a5bf87f04a,deepseek-v4-pro,3811,785,74112,0,4596,,
2026-07-15T13:57:10.261Z,01eaa60f-79ef-4e9f-b7dc-a5a5bf87f04a,deepseek-v4-pro,1106,897,78592,0,2003,,
2026-07-15T13:57:11.405Z,01eaa60f-79ef-4e9f-b7dc-a5a5bf87f04a,deepseek-v4-pro,1106,897,78592,0,2003,,
2026-07-15T13:58:06.395Z,01eaa60f-79ef-4e9f-b7dc-a5a5bf87f04a,deepseek-v4-pro,6059,3021,80512,0,9080,,
2026-07-15T13:58:07.914Z,01eaa60f-79ef-4e9f-b7dc-a5a5bf87f04a,deepseek-v4-pro,6059,3021,80512,0,9080,,
2026-07-15T13:58:08.640Z,01eaa60f-79ef-4e9f-b7dc-a5a5bf87f04a,deepseek-v4-pro,6059,3021,80512,0,9080,,
2026-07-15T13:58:41.782Z,01eaa60f-79ef-4e9f-b7dc-a5a5bf87f04a,deepseek-v4-pro,3792,3113,89472,0,6905,,
2026-07-15T13:58:43.757Z,01eaa60f-79ef-4e9f-b7dc-a5a5bf87f04a,deepseek-v4-pro,3792,3113,89472,0,6905,,
2026-07-15T13:58:58.138Z,01eaa60f-79ef-4e9f-b7dc-a5a5bf87f04a,deepseek-v4-pro,958,6165,96256,0,7123,,
2026-07-15T13:59:57.486Z,01eaa60f-79ef-4e9f-b7dc-a5a5bf87f04a,deepseek-v4-pro,1527,1104,103296,0,2631,,
2026-07-15T14:00:13.575Z,01eaa60f-79ef-4e9f-b7dc-a5a5bf87f04a,deepseek-v4-pro,161,357,105856,0,518,,
2026-07-15T14:00:28.525Z,01eaa60f-79ef-4e9f-b7dc-a5a5bf87f04a,deepseek-v4-pro,390,217,106368,0,607,,
2026-07-15T14:00:33.074Z,01eaa60f-79ef-4e9f-b7dc-a5a5bf87f04a,deepseek-v4-pro,703,552,106880,0,1255,,
2026-07-15T13:54:48.298Z,bb657151-b13b-487c-818b-cd46fac0cb96,deepseek-v4-pro,26600,460,0,0,27060,<ide_opened_file>The user opened the file /home/lili/TC_try/rank_result_deepseek_pro/hadoop_git_da0dbf1/da0dbf1/run_20260715_152650/dataset_variants/without_non_regression/model_prompt.txt in the IDE.,
2026-07-15T13:54:49.342Z,bb657151-b13b-487c-818b-cd46fac0cb96,deepseek-v4-pro,26600,460,0,0,27060,,
2026-07-15T13:54:49.715Z,bb657151-b13b-487c-818b-cd46fac0cb96,deepseek-v4-pro,26600,460,0,0,27060,,
2026-07-15T13:54:50.105Z,bb657151-b13b-487c-818b-cd46fac0cb96,deepseek-v4-pro,26600,460,0,0,27060,,
2026-07-15T13:54:50.464Z,bb657151-b13b-487c-818b-cd46fac0cb96,deepseek-v4-pro,26600,460,0,0,27060,,
2026-07-15T13:55:04.259Z,bb657151-b13b-487c-818b-cd46fac0cb96,deepseek-v4-pro,22374,1193,27008,0,23567,,
2026-07-15T13:55:05.530Z,bb657151-b13b-487c-818b-cd46fac0cb96,deepseek-v4-pro,22374,1193,27008,0,23567,,
2026-07-15T13:55:15.850Z,bb657151-b13b-487c-818b-cd46fac0cb96,deepseek-v4-pro,2391,1109,50560,0,3500,,
2026-07-15T13:55:18.710Z,bb657151-b13b-487c-818b-cd46fac0cb96,deepseek-v4-pro,2391,1109,50560,0,3500,,
2026-07-15T13:55:21.548Z,bb657151-b13b-487c-818b-cd46fac0cb96,deepseek-v4-pro,4878,511,54016,0,5389,,
2026-07-15T13:55:22.957Z,bb657151-b13b-487c-818b-cd46fac0cb96,deepseek-v4-pro,4878,511,54016,0,5389,,
2026-07-15T13:55:23.598Z,bb657151-b13b-487c-818b-cd46fac0cb96,deepseek-v4-pro,4878,511,54016,0,5389,,
2026-07-15T13:55:24.259Z,bb657151-b13b-487c-818b-cd46fac0cb96,deepseek-v4-pro,4878,511,54016,0,5389,,
2026-07-15T13:55:47.281Z,bb657151-b13b-487c-818b-cd46fac0cb96,deepseek-v4-pro,12756,2231,59392,0,14987,,
2026-07-15T13:55:52.607Z,bb657151-b13b-487c-818b-cd46fac0cb96,deepseek-v4-pro,2335,8002,72064,0,10337,,
2026-07-15T13:57:41.624Z,bb657151-b13b-487c-818b-cd46fac0cb96,deepseek-v4-pro,412,653,82304,0,1065,,
2026-07-15T13:58:07.378Z,bb657151-b13b-487c-818b-cd46fac0cb96,deepseek-v4-pro,280,374,83328,0,654,,
2026-07-15T13:58:08.677Z,bb657151-b13b-487c-818b-cd46fac0cb96,deepseek-v4-pro,280,374,83328,0,654,,
2026-07-15T13:58:09.275Z,bb657151-b13b-487c-818b-cd46fac0cb96,deepseek-v4-pro,280,374,83328,0,654,,
2026-07-15T13:58:19.806Z,bb657151-b13b-487c-818b-cd46fac0cb96,deepseek-v4-pro,12056,851,83968,0,12907,,
2026-07-15T13:58:22.887Z,bb657151-b13b-487c-818b-cd46fac0cb96,deepseek-v4-pro,186,810,96768,0,996,,
2026-07-15T13:58:25.749Z,bb657151-b13b-487c-818b-cd46fac0cb96,deepseek-v4-pro,186,810,96768,0,996,,
2026-07-15T13:58:27.053Z,bb657151-b13b-487c-818b-cd46fac0cb96,deepseek-v4-pro,186,810,96768,0,996,,
2026-07-15T13:58:28.182Z,bb657151-b13b-487c-818b-cd46fac0cb96,deepseek-v4-pro,186,810,96768,0,996,,
2026-07-15T13:58:29.047Z,bb657151-b13b-487c-818b-cd46fac0cb96,deepseek-v4-pro,186,810,96768,0,996,,
2026-07-15T13:59:19.614Z,bb657151-b13b-487c-818b-cd46fac0cb96,deepseek-v4-pro,5936,6028,96896,0,11964,,
2026-07-15T13:59:24.435Z,bb657151-b13b-487c-818b-cd46fac0cb96,deepseek-v4-pro,5936,6028,96896,0,11964,,
2026-07-15T13:59:26.480Z,bb657151-b13b-487c-818b-cd46fac0cb96,deepseek-v4-pro,5936,6028,96896,0,11964,,
2026-07-15T13:59:28.375Z,bb657151-b13b-487c-818b-cd46fac0cb96,deepseek-v4-pro,5936,6028,96896,0,11964,,
2026-07-15T13:59:34.601Z,bb657151-b13b-487c-818b-cd46fac0cb96,deepseek-v4-pro,851,714,108800,0,1565,,
2026-07-15T14:01:08.871Z,bb657151-b13b-487c-818b-cd46fac0cb96,deepseek-v4-pro,817,21872,109568,0,22689,,
2026-07-15T14:04:00.352Z,bb657151-b13b-487c-818b-cd46fac0cb96,deepseek-v4-pro,121,291,132224,0,412,,
2026-07-15T14:04:16.224Z,bb657151-b13b-487c-818b-cd46fac0cb96,deepseek-v4-pro,106,439,132608,0,545,,
2026-07-15T14:04:20.971Z,bb657151-b13b-487c-818b-cd46fac0cb96,deepseek-v4-pro,651,272,132608,0,923,,
2026-07-15T14:04:33.303Z,bb657151-b13b-487c-818b-cd46fac0cb96,deepseek-v4-pro,498,221,133504,0,719,,
2026-07-15T14:04:36.507Z,bb657151-b13b-487c-818b-cd46fac0cb96,deepseek-v4-pro,119,575,134144,0,694,,
2026-07-15T14:07:38.964Z,bb657151-b13b-487c-818b-cd46fac0cb96,deepseek-v4-pro,39818,366,96768,0,40184,<task-notification> <task-id>ae29deaa9da03c5f0</task-id> <tool-use-id>call_00_pFzKnPwD80WlbQGDUYtC8747</tool-use-id> <output-file>/tmp/claude-1000/-home-lili/bb657151-b13b-487c-818b-cd46fac0cb96/tasks,
2026-07-15T14:07:42.687Z,bb657151-b13b-487c-818b-cd46fac0cb96,deepseek-v4-pro,29,384,136576,0,413,[Your previous response had no visible output. Please continue and produce a user-visible response.],
2026-07-15T13:55:16.472Z,da544323-cca0-4ebb-978c-714b671c0fc3,deepseek-v4-pro,26587,441,0,0,27028,<ide_opened_file>The user opened the file /home/lili/TC_try/rank_result_deepseek_pro/karaf_git_49ca16e/49ca16e/run_20260715_152726/dataset_variants/with_non_regression/model_prompt.txt in the IDE. Thi,
2026-07-15T13:55:17.363Z,da544323-cca0-4ebb-978c-714b671c0fc3,deepseek-v4-pro,26587,441,0,0,27028,,
2026-07-15T13:55:17.791Z,da544323-cca0-4ebb-978c-714b671c0fc3,deepseek-v4-pro,26587,441,0,0,27028,,
2026-07-15T13:55:18.148Z,da544323-cca0-4ebb-978c-714b671c0fc3,deepseek-v4-pro,26587,441,0,0,27028,,
2026-07-15T13:55:18.526Z,da544323-cca0-4ebb-978c-714b671c0fc3,deepseek-v4-pro,26587,441,0,0,27028,,
2026-07-15T13:55:30.788Z,da544323-cca0-4ebb-978c-714b671c0fc3,deepseek-v4-pro,18023,1468,27008,0,19491,,
2026-07-15T13:55:56.812Z,da544323-cca0-4ebb-978c-714b671c0fc3,deepseek-v4-pro,277,397,46464,0,674,,
2026-07-15T13:55:58.447Z,da544323-cca0-4ebb-978c-714b671c0fc3,deepseek-v4-pro,277,397,46464,0,674,,
2026-07-15T13:55:59.190Z,da544323-cca0-4ebb-978c-714b671c0fc3,deepseek-v4-pro,277,397,46464,0,674,,
2026-07-15T13:56:20.399Z,da544323-cca0-4ebb-978c-714b671c0fc3,deepseek-v4-pro,2899,2736,46720,0,5635,,
2026-07-15T13:56:24.418Z,da544323-cca0-4ebb-978c-714b671c0fc3,deepseek-v4-pro,2899,2736,46720,0,5635,,
2026-07-15T13:57:03.109Z,da544323-cca0-4ebb-978c-714b671c0fc3,deepseek-v4-pro,4086,3398,49536,0,7484,,
2026-07-15T13:57:04.353Z,da544323-cca0-4ebb-978c-714b671c0fc3,deepseek-v4-pro,4086,3398,49536,0,7484,,
2026-07-15T13:57:05.305Z,da544323-cca0-4ebb-978c-714b671c0fc3,deepseek-v4-pro,4086,3398,49536,0,7484,,
2026-07-15T13:57:12.331Z,da544323-cca0-4ebb-978c-714b671c0fc3,deepseek-v4-pro,1610,519,56960,0,2129,,
2026-07-15T13:57:49.049Z,da544323-cca0-4ebb-978c-714b671c0fc3,deepseek-v4-pro,3051,4245,59008,0,7296,,
2026-07-15T13:57:50.892Z,da544323-cca0-4ebb-978c-714b671c0fc3,deepseek-v4-pro,3051,4245,59008,0,7296,,
2026-07-15T13:57:52.057Z,da544323-cca0-4ebb-978c-714b671c0fc3,deepseek-v4-pro,3051,4245,59008,0,7296,,
2026-07-15T13:57:52.952Z,da544323-cca0-4ebb-978c-714b671c0fc3,deepseek-v4-pro,3051,4245,59008,0,7296,,
2026-07-15T13:57:53.791Z,da544323-cca0-4ebb-978c-714b671c0fc3,deepseek-v4-pro,3051,4245,59008,0,7296,,
2026-07-15T13:58:16.961Z,da544323-cca0-4ebb-978c-714b671c0fc3,deepseek-v4-pro,4637,14474,66304,0,19111,,
2026-07-15T13:59:40.185Z,da544323-cca0-4ebb-978c-714b671c0fc3,deepseek-v4-pro,126,294,85376,0,420,,
2026-07-15T13:59:58.612Z,da544323-cca0-4ebb-978c-714b671c0fc3,deepseek-v4-pro,416,148,85760,0,564,,
2026-07-15T14:00:03.517Z,da544323-cca0-4ebb-978c-714b671c0fc3,deepseek-v4-pro,9893,480,86272,0,10373,,
2026-07-15T13:55:49.788Z,85416c46-3a61-460d-85bf-60c121d78c3b,deepseek-v4-pro,26587,432,0,0,27019,<ide_opened_file>The user opened the file /home/lili/TC_try/rank_result_deepseek_pro/karaf_git_49ca16e/49ca16e/run_20260715_152726/dataset_variants/without_non_regression/model_prompt.txt in the IDE. ,
2026-07-15T13:55:50.663Z,85416c46-3a61-460d-85bf-60c121d78c3b,deepseek-v4-pro,26587,432,0,0,27019,,
2026-07-15T13:55:50.937Z,85416c46-3a61-460d-85bf-60c121d78c3b,deepseek-v4-pro,26587,432,0,0,27019,,
2026-07-15T13:55:51.292Z,85416c46-3a61-460d-85bf-60c121d78c3b,deepseek-v4-pro,26587,432,0,0,27019,,
2026-07-15T13:55:51.706Z,85416c46-3a61-460d-85bf-60c121d78c3b,deepseek-v4-pro,26587,432,0,0,27019,,
2026-07-15T13:56:20.466Z,85416c46-3a61-460d-85bf-60c121d78c3b,deepseek-v4-pro,17997,3026,27008,0,21023,,
2026-07-15T13:56:30.084Z,85416c46-3a61-460d-85bf-60c121d78c3b,deepseek-v4-pro,5214,413,48000,0,5627,,
2026-07-15T13:56:31.470Z,85416c46-3a61-460d-85bf-60c121d78c3b,deepseek-v4-pro,5214,413,48000,0,5627,,
2026-07-15T13:56:32.060Z,85416c46-3a61-460d-85bf-60c121d78c3b,deepseek-v4-pro,5214,413,48000,0,5627,,
2026-07-15T13:56:42.450Z,85416c46-3a61-460d-85bf-60c121d78c3b,deepseek-v4-pro,4212,974,53504,0,5186,,
2026-07-15T13:56:43.379Z,85416c46-3a61-460d-85bf-60c121d78c3b,deepseek-v4-pro,4212,974,53504,0,5186,,
2026-07-15T13:56:44.089Z,85416c46-3a61-460d-85bf-60c121d78c3b,deepseek-v4-pro,4212,974,53504,0,5186,,
2026-07-15T13:56:47.841Z,85416c46-3a61-460d-85bf-60c121d78c3b,deepseek-v4-pro,6100,459,58624,0,6559,,
2026-07-15T13:56:49.673Z,85416c46-3a61-460d-85bf-60c121d78c3b,deepseek-v4-pro,6100,459,58624,0,6559,,
2026-07-15T13:56:50.374Z,85416c46-3a61-460d-85bf-60c121d78c3b,deepseek-v4-pro,6100,459,58624,0,6559,,
2026-07-15T13:57:21.304Z,85416c46-3a61-460d-85bf-60c121d78c3b,deepseek-v4-pro,1494,2643,64640,0,4137,,
2026-07-15T13:57:23.206Z,85416c46-3a61-460d-85bf-60c121d78c3b,deepseek-v4-pro,1494,2643,64640,0,4137,,
2026-07-15T13:57:26.099Z,85416c46-3a61-460d-85bf-60c121d78c3b,deepseek-v4-pro,2751,211,66048,0,2962,,
2026-07-15T13:57:29.691Z,85416c46-3a61-460d-85bf-60c121d78c3b,deepseek-v4-pro,31,334,68992,0,365,,
2026-07-15T13:57:30.943Z,85416c46-3a61-460d-85bf-60c121d78c3b,deepseek-v4-pro,31,334,68992,0,365,,
2026-07-15T13:58:28.675Z,85416c46-3a61-460d-85bf-60c121d78c3b,deepseek-v4-pro,1528,7164,69248,0,8692,,
2026-07-15T13:58:30.098Z,85416c46-3a61-460d-85bf-60c121d78c3b,deepseek-v4-pro,1528,7164,69248,0,8692,,
2026-07-15T13:58:48.030Z,85416c46-3a61-460d-85bf-60c121d78c3b,deepseek-v4-pro,699,1410,77824,0,2109,,
2026-07-15T13:58:58.444Z,85416c46-3a61-460d-85bf-60c121d78c3b,deepseek-v4-pro,1264,951,79872,0,2215,,
2026-07-15T13:59:03.446Z,85416c46-3a61-460d-85bf-60c121d78c3b,deepseek-v4-pro,455,14251,82048,0,14706,,
2026-07-15T14:00:42.202Z,85416c46-3a61-460d-85bf-60c121d78c3b,deepseek-v4-pro,201,287,96640,0,488,,
2026-07-15T14:00:58.997Z,85416c46-3a61-460d-85bf-60c121d78c3b,deepseek-v4-pro,139,302,97024,0,441,,
2026-07-15T14:01:18.577Z,85416c46-3a61-460d-85bf-60c121d78c3b,deepseek-v4-pro,543,508,97408,0,1051,,
2026-07-15T15:42:32.578Z,255a9b34-2708-4bf9-a393-fb3830ae5d82,deepseek-v4-pro,26503,373,0,0,26876,<ide_opened_file>The user opened the file /home/lili/TC_try/rank_result_deepseek_pro/tvm_git_e29cf4/e29cf4/run_20260715_152806/dataset_variants/with_non_regression/model_prompt.txt in the IDE. This ma,
2026-07-15T15:42:33.803Z,255a9b34-2708-4bf9-a393-fb3830ae5d82,deepseek-v4-pro,26503,373,0,0,26876,,
2026-07-15T15:42:34.246Z,255a9b34-2708-4bf9-a393-fb3830ae5d82,deepseek-v4-pro,26503,373,0,0,26876,,
2026-07-15T15:42:34.692Z,255a9b34-2708-4bf9-a393-fb3830ae5d82,deepseek-v4-pro,26503,373,0,0,26876,,
2026-07-15T15:42:55.126Z,255a9b34-2708-4bf9-a393-fb3830ae5d82,deepseek-v4-pro,15768,1381,26752,0,17149,,
2026-07-15T15:43:57.570Z,255a9b34-2708-4bf9-a393-fb3830ae5d82,deepseek-v4-pro,6731,2993,43776,0,9724,,
2026-07-15T15:44:18.176Z,255a9b34-2708-4bf9-a393-fb3830ae5d82,deepseek-v4-pro,365,242,53376,0,607,,
2026-07-15T15:44:20.151Z,255a9b34-2708-4bf9-a393-fb3830ae5d82,deepseek-v4-pro,365,242,53376,0,607,,
2026-07-15T15:44:22.740Z,255a9b34-2708-4bf9-a393-fb3830ae5d82,deepseek-v4-pro,1524,235,53888,0,1759,,
2026-07-15T15:44:24.507Z,255a9b34-2708-4bf9-a393-fb3830ae5d82,deepseek-v4-pro,1524,235,53888,0,1759,,
2026-07-15T15:44:55.666Z,255a9b34-2708-4bf9-a393-fb3830ae5d82,deepseek-v4-pro,1353,2399,55552,0,3752,,
2026-07-15T15:44:59.614Z,255a9b34-2708-4bf9-a393-fb3830ae5d82,deepseek-v4-pro,1353,2399,55552,0,3752,,
2026-07-15T15:45:00.653Z,255a9b34-2708-4bf9-a393-fb3830ae5d82,deepseek-v4-pro,1353,2399,55552,0,3752,,
2026-07-15T15:45:05.534Z,255a9b34-2708-4bf9-a393-fb3830ae5d82,deepseek-v4-pro,3081,229,56832,0,3310,,
2026-07-15T15:45:09.937Z,255a9b34-2708-4bf9-a393-fb3830ae5d82,deepseek-v4-pro,502,217,60032,0,719,,
2026-07-15T15:45:11.987Z,255a9b34-2708-4bf9-a393-fb3830ae5d82,deepseek-v4-pro,502,217,60032,0,719,,
2026-07-15T15:45:14.225Z,255a9b34-2708-4bf9-a393-fb3830ae5d82,deepseek-v4-pro,413,207,60672,0,620,,
2026-07-15T15:45:44.072Z,255a9b34-2708-4bf9-a393-fb3830ae5d82,deepseek-v4-pro,555,2031,61184,0,2586,,
2026-07-15T15:46:01.147Z,255a9b34-2708-4bf9-a393-fb3830ae5d82,deepseek-v4-pro,4457,890,63744,0,5347,,
2026-07-15T15:46:05.360Z,255a9b34-2708-4bf9-a393-fb3830ae5d82,deepseek-v4-pro,134,183,68992,0,317,,
2026-07-15T15:46:48.980Z,255a9b34-2708-4bf9-a393-fb3830ae5d82,deepseek-v4-pro,109,3363,69248,0,3472,,
2026-07-15T15:46:56.047Z,255a9b34-2708-4bf9-a393-fb3830ae5d82,deepseek-v4-pro,3488,1861,69248,0,5349,,
2026-07-15T15:47:41.003Z,255a9b34-2708-4bf9-a393-fb3830ae5d82,deepseek-v4-pro,207,446,74496,0,653,,
2026-07-15T15:48:06.679Z,255a9b34-2708-4bf9-a393-fb3830ae5d82,deepseek-v4-pro,466,236,75136,0,702,,
2026-07-15T15:48:10.562Z,255a9b34-2708-4bf9-a393-fb3830ae5d82,deepseek-v4-pro,334,258,75520,0,592,,
2026-07-15T15:48:34.268Z,255a9b34-2708-4bf9-a393-fb3830ae5d82,deepseek-v4-pro,636,210,76032,0,846,,
2026-07-15T15:48:37.256Z,255a9b34-2708-4bf9-a393-fb3830ae5d82,deepseek-v4-pro,118,476,76800,0,594,,
2026-07-15T15:42:53.119Z,595a4b57-5349-4b6a-8eee-e484b4f319de,deepseek-v4-pro,26503,320,0,0,26823,<ide_opened_file>The user opened the file /home/lili/TC_try/rank_result_deepseek_pro/tvm_git_e29cf4/e29cf4/run_20260715_152806/dataset_variants/without_non_regression/model_prompt.txt in the IDE. This,
2026-07-15T15:42:56.962Z,595a4b57-5349-4b6a-8eee-e484b4f319de,deepseek-v4-pro,337,283,26496,0,620,,
2026-07-15T15:42:58.238Z,595a4b57-5349-4b6a-8eee-e484b4f319de,deepseek-v4-pro,337,283,26496,0,620,,
2026-07-15T15:42:58.726Z,595a4b57-5349-4b6a-8eee-e484b4f319de,deepseek-v4-pro,337,283,26496,0,620,,
2026-07-15T15:42:59.170Z,595a4b57-5349-4b6a-8eee-e484b4f319de,deepseek-v4-pro,337,283,26496,0,620,,
2026-07-15T15:43:14.369Z,595a4b57-5349-4b6a-8eee-e484b4f319de,deepseek-v4-pro,15245,1120,27008,0,16365,,
2026-07-15T15:43:15.744Z,595a4b57-5349-4b6a-8eee-e484b4f319de,deepseek-v4-pro,15245,1120,27008,0,16365,,
2026-07-15T15:43:50.750Z,595a4b57-5349-4b6a-8eee-e484b4f319de,deepseek-v4-pro,16313,2183,43264,0,18496,,
2026-07-15T15:43:56.492Z,595a4b57-5349-4b6a-8eee-e484b4f319de,deepseek-v4-pro,2250,581,59520,0,2831,,
2026-07-15T15:44:23.957Z,595a4b57-5349-4b6a-8eee-e484b4f319de,deepseek-v4-pro,260,257,62336,0,517,,
2026-07-15T15:44:26.221Z,595a4b57-5349-4b6a-8eee-e484b4f319de,deepseek-v4-pro,260,257,62336,0,517,,
2026-07-15T15:44:29.275Z,595a4b57-5349-4b6a-8eee-e484b4f319de,deepseek-v4-pro,2761,133,62848,0,2894,,
2026-07-15T15:44:31.765Z,595a4b57-5349-4b6a-8eee-e484b4f319de,deepseek-v4-pro,498,110,65664,0,608,,
2026-07-15T15:44:33.771Z,595a4b57-5349-4b6a-8eee-e484b4f319de,deepseek-v4-pro,150,125,66176,0,275,,
2026-07-15T15:44:38.259Z,595a4b57-5349-4b6a-8eee-e484b4f319de,deepseek-v4-pro,77,328,66432,0,405,,
2026-07-15T15:44:40.596Z,595a4b57-5349-4b6a-8eee-e484b4f319de,deepseek-v4-pro,77,328,66432,0,405,,
2026-07-15T15:44:52.751Z,595a4b57-5349-4b6a-8eee-e484b4f319de,deepseek-v4-pro,468,653,66816,0,1121,,
2026-07-15T15:44:53.202Z,595a4b57-5349-4b6a-8eee-e484b4f319de,deepseek-v4-pro,468,653,66816,0,1121,,
2026-07-15T15:45:21.805Z,595a4b57-5349-4b6a-8eee-e484b4f319de,deepseek-v4-pro,1020,1441,67200,0,2461,,
2026-07-15T15:45:25.383Z,595a4b57-5349-4b6a-8eee-e484b4f319de,deepseek-v4-pro,68,149,69632,0,217,,
2026-07-15T15:45:28.758Z,595a4b57-5349-4b6a-8eee-e484b4f319de,deepseek-v4-pro,729,172,69760,0,901,,
2026-07-15T15:45:32.237Z,595a4b57-5349-4b6a-8eee-e484b4f319de,deepseek-v4-pro,36,163,70656,0,199,,
2026-07-15T15:46:35.399Z,595a4b57-5349-4b6a-8eee-e484b4f319de,deepseek-v4-pro,959,3667,70784,0,4626,,
2026-07-15T15:46:37.507Z,595a4b57-5349-4b6a-8eee-e484b4f319de,deepseek-v4-pro,959,3667,70784,0,4626,,
2026-07-15T15:46:39.253Z,595a4b57-5349-4b6a-8eee-e484b4f319de,deepseek-v4-pro,51,138,75392,0,189,,
2026-07-15T15:47:09.931Z,595a4b57-5349-4b6a-8eee-e484b4f319de,deepseek-v4-pro,1293,1710,75520,0,3003,,
2026-07-15T15:47:43.940Z,595a4b57-5349-4b6a-8eee-e484b4f319de,deepseek-v4-pro,3938,2240,78464,0,6178,,
2026-07-15T15:48:00.013Z,595a4b57-5349-4b6a-8eee-e484b4f319de,deepseek-v4-pro,2348,13401,82304,0,15749,,
2026-07-15T15:51:13.480Z,595a4b57-5349-4b6a-8eee-e484b4f319de,deepseek-v4-pro,89,268,98048,0,357,,
2026-07-15T15:51:17.321Z,595a4b57-5349-4b6a-8eee-e484b4f319de,deepseek-v4-pro,141,258,98304,0,399,,
2026-07-15T15:51:39.080Z,595a4b57-5349-4b6a-8eee-e484b4f319de,deepseek-v4-pro,573,244,98688,0,817,,
2026-07-15T15:51:42.529Z,595a4b57-5349-4b6a-8eee-e484b4f319de,deepseek-v4-pro,89,690,99456,0,779,,
2026-07-15T15:41:54.953Z,6eb93468-77b7-4b30-996c-2a37a4f8e56c,deepseek-v4-pro,26545,337,0,0,26882,<ide_opened_file>The user opened the file /home/lili/TC_try/rank_result_deepseek_pro/tvm_git_35148ba/35148ba/run_20260715_152854/dataset_variants/with_non_regression/model_prompt.txt in the IDE. This ,
2026-07-15T15:41:59.589Z,6eb93468-77b7-4b30-996c-2a37a4f8e56c,deepseek-v4-pro,397,287,26496,0,684,,
2026-07-15T15:42:00.863Z,6eb93468-77b7-4b30-996c-2a37a4f8e56c,deepseek-v4-pro,397,287,26496,0,684,,
2026-07-15T15:42:01.439Z,6eb93468-77b7-4b30-996c-2a37a4f8e56c,deepseek-v4-pro,397,287,26496,0,684,,
2026-07-15T15:42:01.844Z,6eb93468-77b7-4b30-996c-2a37a4f8e56c,deepseek-v4-pro,397,287,26496,0,684,,
2026-07-15T15:42:22.845Z,6eb93468-77b7-4b30-996c-2a37a4f8e56c,deepseek-v4-pro,36049,1046,27136,0,37095,,
2026-07-15T15:42:24.492Z,6eb93468-77b7-4b30-996c-2a37a4f8e56c,deepseek-v4-pro,36049,1046,27136,0,37095,,
2026-07-15T15:43:10.908Z,6eb93468-77b7-4b30-996c-2a37a4f8e56c,deepseek-v4-pro,16743,2641,64128,0,19384,,
2026-07-15T15:43:15.348Z,6eb93468-77b7-4b30-996c-2a37a4f8e56c,deepseek-v4-pro,2755,2522,80768,0,5277,,
2026-07-15T15:43:49.028Z,6eb93468-77b7-4b30-996c-2a37a4f8e56c,deepseek-v4-pro,2755,2522,80768,0,5277,,
2026-07-15T15:44:15.914Z,6eb93468-77b7-4b30-996c-2a37a4f8e56c,deepseek-v4-pro,999,184,86016,0,1183,,
2026-07-15T15:44:24.229Z,6eb93468-77b7-4b30-996c-2a37a4f8e56c,deepseek-v4-pro,16443,398,87168,0,16841,,
2026-07-15T15:44:25.770Z,6eb93468-77b7-4b30-996c-2a37a4f8e56c,deepseek-v4-pro,16443,398,87168,0,16841,,
2026-07-15T15:46:09.389Z,6eb93468-77b7-4b30-996c-2a37a4f8e56c,deepseek-v4-pro,19491,6345,103936,0,25836,,
2026-07-15T15:46:20.392Z,6eb93468-77b7-4b30-996c-2a37a4f8e56c,deepseek-v4-pro,415,750,129664,0,1165,,
2026-07-15T15:46:28.046Z,6eb93468-77b7-4b30-996c-2a37a4f8e56c,deepseek-v4-pro,792,20290,130048,0,21082,,
2026-07-15T15:50:04.399Z,6eb93468-77b7-4b30-996c-2a37a4f8e56c,deepseek-v4-pro,10117,1098,151040,0,11215,,
2026-07-15T15:50:36.031Z,6eb93468-77b7-4b30-996c-2a37a4f8e56c,deepseek-v4-pro,4620,842,162176,0,5462,,
2026-07-15T15:50:51.800Z,6eb93468-77b7-4b30-996c-2a37a4f8e56c,deepseek-v4-pro,3084,2202,167552,0,5286,,
2026-07-15T15:51:29.753Z,6eb93468-77b7-4b30-996c-2a37a4f8e56c,deepseek-v4-pro,4819,411,170624,0,5230,,
2026-07-15T15:51:33.919Z,6eb93468-77b7-4b30-996c-2a37a4f8e56c,deepseek-v4-pro,150,255,175744,0,405,,
2026-07-15T15:51:57.169Z,6eb93468-77b7-4b30-996c-2a37a4f8e56c,deepseek-v4-pro,473,276,176128,0,749,,
2026-07-15T15:52:01.227Z,6eb93468-77b7-4b30-996c-2a37a4f8e56c,deepseek-v4-pro,149,546,176768,0,695,,
2026-07-15T15:42:16.515Z,d3e2f720-a855-4b58-808c-187bf8ab2f1f,deepseek-v4-pro,26545,302,0,0,26847,<ide_opened_file>The user opened the file /home/lili/TC_try/rank_result_deepseek_pro/tvm_git_35148ba/35148ba/run_20260715_152854/dataset_variants/without_non_regression/model_prompt.txt in the IDE. Th,
2026-07-15T15:42:20.307Z,d3e2f720-a855-4b58-808c-187bf8ab2f1f,deepseek-v4-pro,366,475,26496,0,841,,
2026-07-15T15:42:21.644Z,d3e2f720-a855-4b58-808c-187bf8ab2f1f,deepseek-v4-pro,366,475,26496,0,841,,
2026-07-15T15:42:22.600Z,d3e2f720-a855-4b58-808c-187bf8ab2f1f,deepseek-v4-pro,366,475,26496,0,841,,
2026-07-15T15:42:23.107Z,d3e2f720-a855-4b58-808c-187bf8ab2f1f,deepseek-v4-pro,366,475,26496,0,841,,
2026-07-15T15:42:23.624Z,d3e2f720-a855-4b58-808c-187bf8ab2f1f,deepseek-v4-pro,366,475,26496,0,841,,
2026-07-15T15:42:24.398Z,d3e2f720-a855-4b58-808c-187bf8ab2f1f,deepseek-v4-pro,366,475,26496,0,841,,
2026-07-15T15:43:19.633Z,d3e2f720-a855-4b58-808c-187bf8ab2f1f,deepseek-v4-pro,54958,4283,27264,0,59241,,
2026-07-15T15:44:37.007Z,d3e2f720-a855-4b58-808c-187bf8ab2f1f,deepseek-v4-pro,1078,280,86400,0,1358,,
2026-07-15T15:44:42.126Z,d3e2f720-a855-4b58-808c-187bf8ab2f1f,deepseek-v4-pro,349,262,87424,0,611,,
2026-07-15T15:45:04.173Z,d3e2f720-a855-4b58-808c-187bf8ab2f1f,deepseek-v4-pro,197,707,87936,0,904,,
2026-07-15T15:45:06.534Z,d3e2f720-a855-4b58-808c-187bf8ab2f1f,deepseek-v4-pro,197,707,87936,0,904,,
2026-07-15T15:45:07.412Z,d3e2f720-a855-4b58-808c-187bf8ab2f1f,deepseek-v4-pro,197,707,87936,0,904,,
2026-07-15T15:45:08.098Z,d3e2f720-a855-4b58-808c-187bf8ab2f1f,deepseek-v4-pro,197,707,87936,0,904,,
2026-07-15T15:45:09.123Z,d3e2f720-a855-4b58-808c-187bf8ab2f1f,deepseek-v4-pro,197,707,87936,0,904,,
2026-07-15T15:45:09.761Z,d3e2f720-a855-4b58-808c-187bf8ab2f1f,deepseek-v4-pro,197,707,87936,0,904,,
2026-07-15T15:45:12.666Z,d3e2f720-a855-4b58-808c-187bf8ab2f1f,deepseek-v4-pro,492,860,88832,0,1352,,
2026-07-15T15:45:15.346Z,d3e2f720-a855-4b58-808c-187bf8ab2f1f,deepseek-v4-pro,492,860,88832,0,1352,,
2026-07-15T15:45:16.839Z,d3e2f720-a855-4b58-808c-187bf8ab2f1f,deepseek-v4-pro,492,860,88832,0,1352,,
2026-07-15T15:45:18.214Z,d3e2f720-a855-4b58-808c-187bf8ab2f1f,deepseek-v4-pro,492,860,88832,0,1352,,
2026-07-15T15:45:19.613Z,d3e2f720-a855-4b58-808c-187bf8ab2f1f,deepseek-v4-pro,492,860,88832,0,1352,,
2026-07-15T15:45:21.169Z,d3e2f720-a855-4b58-808c-187bf8ab2f1f,deepseek-v4-pro,492,860,88832,0,1352,,
2026-07-15T15:45:28.547Z,d3e2f720-a855-4b58-808c-187bf8ab2f1f,deepseek-v4-pro,1138,1013,89216,0,2151,,
2026-07-15T15:45:32.757Z,d3e2f720-a855-4b58-808c-187bf8ab2f1f,deepseek-v4-pro,1138,1013,89216,0,2151,,
2026-07-15T15:45:34.455Z,d3e2f720-a855-4b58-808c-187bf8ab2f1f,deepseek-v4-pro,1138,1013,89216,0,2151,,
2026-07-15T15:45:35.477Z,d3e2f720-a855-4b58-808c-187bf8ab2f1f,deepseek-v4-pro,1138,1013,89216,0,2151,,
2026-07-15T15:45:36.741Z,d3e2f720-a855-4b58-808c-187bf8ab2f1f,deepseek-v4-pro,1138,1013,89216,0,2151,,
2026-07-15T15:45:37.686Z,d3e2f720-a855-4b58-808c-187bf8ab2f1f,deepseek-v4-pro,1138,1013,89216,0,2151,,
2026-07-15T15:45:43.438Z,d3e2f720-a855-4b58-808c-187bf8ab2f1f,deepseek-v4-pro,1911,972,90240,0,2883,,
2026-07-15T15:45:46.057Z,d3e2f720-a855-4b58-808c-187bf8ab2f1f,deepseek-v4-pro,1911,972,90240,0,2883,,
2026-07-15T15:45:47.257Z,d3e2f720-a855-4b58-808c-187bf8ab2f1f,deepseek-v4-pro,1911,972,90240,0,2883,,
2026-07-15T15:45:48.576Z,d3e2f720-a855-4b58-808c-187bf8ab2f1f,deepseek-v4-pro,1911,972,90240,0,2883,,
2026-07-15T15:45:50.363Z,d3e2f720-a855-4b58-808c-187bf8ab2f1f,deepseek-v4-pro,1911,972,90240,0,2883,,
2026-07-15T15:45:51.828Z,d3e2f720-a855-4b58-808c-187bf8ab2f1f,deepseek-v4-pro,1911,972,90240,0,2883,,
2026-07-15T15:45:59.514Z,d3e2f720-a855-4b58-808c-187bf8ab2f1f,deepseek-v4-pro,5873,1128,93056,0,7001,,
2026-07-15T15:46:02.606Z,d3e2f720-a855-4b58-808c-187bf8ab2f1f,deepseek-v4-pro,5873,1128,93056,0,7001,,
2026-07-15T15:46:04.960Z,d3e2f720-a855-4b58-808c-187bf8ab2f1f,deepseek-v4-pro,5873,1128,93056,0,7001,,
2026-07-15T15:46:06.710Z,d3e2f720-a855-4b58-808c-187bf8ab2f1f,deepseek-v4-pro,5873,1128,93056,0,7001,,
2026-07-15T15:46:08.056Z,d3e2f720-a855-4b58-808c-187bf8ab2f1f,deepseek-v4-pro,5873,1128,93056,0,7001,,
2026-07-15T15:46:09.813Z,d3e2f720-a855-4b58-808c-187bf8ab2f1f,deepseek-v4-pro,5873,1128,93056,0,7001,,
2026-07-15T15:46:16.629Z,d3e2f720-a855-4b58-808c-187bf8ab2f1f,deepseek-v4-pro,381,831,99968,0,1212,,
2026-07-15T15:46:19.352Z,d3e2f720-a855-4b58-808c-187bf8ab2f1f,deepseek-v4-pro,381,831,99968,0,1212,,
2026-07-15T15:46:20.442Z,d3e2f720-a855-4b58-808c-187bf8ab2f1f,deepseek-v4-pro,381,831,99968,0,1212,,
2026-07-15T15:46:21.778Z,d3e2f720-a855-4b58-808c-187bf8ab2f1f,deepseek-v4-pro,381,831,99968,0,1212,,
2026-07-15T15:46:28.684Z,d3e2f720-a855-4b58-808c-187bf8ab2f1f,deepseek-v4-pro,651,852,101120,0,1503,,
2026-07-15T15:46:31.805Z,d3e2f720-a855-4b58-808c-187bf8ab2f1f,deepseek-v4-pro,651,852,101120,0,1503,,
2026-07-15T15:46:33.047Z,d3e2f720-a855-4b58-808c-187bf8ab2f1f,deepseek-v4-pro,651,852,101120,0,1503,,
2026-07-15T15:46:33.975Z,d3e2f720-a855-4b58-808c-187bf8ab2f1f,deepseek-v4-pro,651,852,101120,0,1503,,
2026-07-15T15:46:34.819Z,d3e2f720-a855-4b58-808c-187bf8ab2f1f,deepseek-v4-pro,651,852,101120,0,1503,,
2026-07-15T15:48:20.342Z,d3e2f720-a855-4b58-808c-187bf8ab2f1f,deepseek-v4-pro,3177,6593,102528,0,9770,,
2026-07-15T15:48:32.629Z,d3e2f720-a855-4b58-808c-187bf8ab2f1f,deepseek-v4-pro,3025,18437,112256,0,21462,,
2026-07-15T15:51:42.429Z,d3e2f720-a855-4b58-808c-187bf8ab2f1f,deepseek-v4-pro,170,244,133632,0,414,,
2026-07-15T15:51:46.269Z,d3e2f720-a855-4b58-808c-187bf8ab2f1f,deepseek-v4-pro,70,258,134016,0,328,,
2026-07-15T15:52:06.390Z,d3e2f720-a855-4b58-808c-187bf8ab2f1f,deepseek-v4-pro,621,584,134272,0,1205,,
2026-07-15T15:52:10.010Z,d3e2f720-a855-4b58-808c-187bf8ab2f1f,deepseek-v4-pro,93,711,135424,0,804,,
