会话,轮次,输入tokens,输出tokens,缓存读取,合计tokens,输入占比,输出占比
activemq_without,1,26288,391,0,26679,98.5%,1.5%
activemq_without,2,26288,391,0,26679,98.5%,1.5%
activemq_without,3,26288,391,0,26679,98.5%,1.5%
activemq_without,4,11103,249,26624,37976,29.2%,0.7%
activemq_without,5,2759,1814,37888,42461,6.5%,4.3%
activemq_without,6,331,268,42368,42967,0.8%,0.6%
activemq_without,7,331,268,42368,42967,0.8%,0.6%
activemq_without,8,6166,421,42880,49467,12.5%,0.9%
activemq_without,9,6166,421,42880,49467,12.5%,0.9%
activemq_without,10,254,503,49408,50165,0.5%,1.0%
activemq_without,11,254,503,49408,50165,0.5%,1.0%
activemq_without,12,254,503,49408,50165,0.5%,1.0%
activemq_without,13,7726,431,49536,57693,13.4%,0.7%
activemq_without,14,7726,431,49536,57693,13.4%,0.7%
activemq_without,15,1210,883,57600,59693,2.0%,1.5%
activemq_without,16,1210,883,57600,59693,2.0%,1.5%
activemq_without,17,2233,819,58752,61804,3.6%,1.3%
activemq_without,18,2233,819,58752,61804,3.6%,1.3%
activemq_without,19,670,1253,61696,63619,1.1%,2.0%
activemq_without,20,199,292,63616,64107,0.3%,0.5%
activemq_without,21,379,718,63744,64841,0.6%,1.1%
activemq_without,22,9784,4866,64000,78650,12.4%,6.2%
activemq_without,23,9784,4866,64000,78650,12.4%,6.2%
activemq_without,24,9784,4866,64000,78650,12.4%,6.2%
activemq_without,25,5683,226,73728,79637,7.1%,0.3%
activemq_without,26,5683,226,73728,79637,7.1%,0.3%
activemq_without,27,1741,600,79616,81957,2.1%,0.7%
activemq_without,28,1741,600,79616,81957,2.1%,0.7%
activemq_without,29,1741,600,79616,81957,2.1%,0.7%
activemq_without,30,1741,600,79616,81957,2.1%,0.7%
activemq_without,31,812,679,81920,83411,1.0%,0.8%
activemq_without,32,812,679,81920,83411,1.0%,0.8%
activemq_without,33,812,679,81920,83411,1.0%,0.8%
activemq_without,34,812,679,81920,83411,1.0%,0.8%
activemq_without,35,141,3154,83328,86623,0.2%,3.6%
activemq_without,36,141,3154,83328,86623,0.2%,3.6%
activemq_without,37,127,454,86528,87109,0.1%,0.5%
activemq_without,38,127,454,86528,87109,0.1%,0.5%
activemq_without,39,127,454,86528,87109,0.1%,0.5%
activemq_without,40,294,369,87040,87703,0.3%,0.4%
activemq_without,41,294,369,87040,87703,0.3%,0.4%
activemq_without,42,440,979,87680,89099,0.5%,1.1%
activemq_without,43,440,979,87680,89099,0.5%,1.1%
activemq_without,44,2620,1561,89088,93269,2.8%,1.7%
activemq_without,45,1637,2294,91648,95579,1.7%,2.4%
activemq_without,46,233,234,95488,95955,0.2%,0.2%
activemq_without,47,1190,157,95872,97219,1.2%,0.2%
activemq_without,48,11643,598,97152,109393,10.6%,0.5%
activemq_without,49,175,210,109312,109697,0.2%,0.2%
activemq_without,50,65,211,109696,109972,0.1%,0.2%
activemq_without,51,60,309,109952,110321,0.1%,0.3%
activemq_with,1,26288,522,0,26810,98.1%,1.9%
activemq_with,2,26288,522,0,26810,98.1%,1.9%
activemq_with,3,26288,522,0,26810,98.1%,1.9%
activemq_with,4,26288,522,0,26810,98.1%,1.9%
activemq_with,5,26288,522,0,26810,98.1%,1.9%
activemq_with,6,19371,1764,26752,47887,40.5%,3.7%
activemq_with,7,255,431,47872,48558,0.5%,0.9%
activemq_with,8,255,431,47872,48558,0.5%,0.9%
activemq_with,9,255,431,47872,48558,0.5%,0.9%
activemq_with,10,291,675,48512,49478,0.6%,1.4%
activemq_with,11,291,675,48512,49478,0.6%,1.4%
activemq_with,12,291,675,48512,49478,0.6%,1.4%
activemq_with,13,291,675,48512,49478,0.6%,1.4%
activemq_with,14,1506,1205,48768,51479,2.9%,2.3%
activemq_with,15,1575,524,50176,52275,3.0%,1.0%
activemq_with,16,862,1002,52224,54088,1.6%,1.9%
activemq_with,17,1105,1401,54016,56522,2.0%,2.5%
activemq_with,18,1105,1401,54016,56522,2.0%,2.5%
activemq_with,19,1105,1401,54016,56522,2.0%,2.5%
activemq_with,20,1105,1401,54016,56522,2.0%,2.5%
activemq_with,21,1105,1401,54016,56522,2.0%,2.5%
activemq_with,22,1105,1401,54016,56522,2.0%,2.5%
activemq_with,23,2955,582,56448,59985,4.9%,1.0%
activemq_with,24,2955,582,56448,59985,4.9%,1.0%
activemq_with,25,2955,582,56448,59985,4.9%,1.0%
activemq_with,26,1087,486,59904,61477,1.8%,0.8%
activemq_with,27,1087,486,59904,61477,1.8%,0.8%
activemq_with,28,1087,486,59904,61477,1.8%,0.8%
activemq_with,29,1899,601,61440,63940,3.0%,0.9%
activemq_with,30,1899,601,61440,63940,3.0%,0.9%
activemq_with,31,1899,601,61440,63940,3.0%,0.9%
activemq_with,32,6207,548,63872,70627,8.8%,0.8%
activemq_with,33,6207,548,63872,70627,8.8%,0.8%
activemq_with,34,6207,548,63872,70627,8.8%,0.8%
activemq_with,35,427,656,70528,71611,0.6%,0.9%
activemq_with,36,484,2659,71552,74695,0.6%,3.6%
activemq_with,37,484,2659,71552,74695,0.6%,3.6%
activemq_with,38,484,2659,71552,74695,0.6%,3.6%
activemq_with,39,197,691,74624,75512,0.3%,0.9%
activemq_with,40,197,691,74624,75512,0.3%,0.9%
activemq_with,41,2749,2272,75392,80413,3.4%,2.8%
activemq_with,42,2749,2272,75392,80413,3.4%,2.8%
activemq_with,43,2749,2272,75392,80413,3.4%,2.8%
activemq_with,44,4445,4276,80384,89105,5.0%,4.8%
activemq_with,45,4384,5601,84736,94721,4.6%,5.9%
activemq_with,46,233,152,94720,95105,0.2%,0.2%
activemq_with,47,1763,149,95104,97016,1.8%,0.2%
activemq_with,48,164,144,96896,97204,0.2%,0.1%
activemq_with,49,490,405,97152,98047,0.5%,0.4%
activemq_with,50,179,211,97920,98310,0.2%,0.2%
activemq_with,51,277,437,98048,98762,0.3%,0.4%
hadoop_with,1,26527,450,0,26977,98.3%,1.7%
hadoop_with,2,26527,450,0,26977,98.3%,1.7%
hadoop_with,3,26527,450,0,26977,98.3%,1.7%
hadoop_with,4,26527,450,0,26977,98.3%,1.7%
hadoop_with,5,17208,301,26880,44389,38.8%,0.7%
hadoop_with,6,3409,673,44032,48114,7.1%,1.4%
hadoop_with,7,3409,673,44032,48114,7.1%,1.4%
hadoop_with,8,3409,673,44032,48114,7.1%,1.4%
hadoop_with,9,3409,673,44032,48114,7.1%,1.4%
hadoop_with,10,3409,673,44032,48114,7.1%,1.4%
hadoop_with,11,459,188,48000,48647,0.9%,0.4%
hadoop_with,12,549,709,48640,49898,1.1%,1.4%
hadoop_with,13,549,709,48640,49898,1.1%,1.4%
hadoop_with,14,549,709,48640,49898,1.1%,1.4%
hadoop_with,15,549,709,48640,49898,1.1%,1.4%
hadoop_with,16,549,709,48640,49898,1.1%,1.4%
hadoop_with,17,549,709,48640,49898,1.1%,1.4%
hadoop_with,18,549,709,48640,49898,1.1%,1.4%
hadoop_with,19,6761,397,49792,56950,11.9%,0.7%
hadoop_with,20,261,127,56832,57220,0.5%,0.2%
hadoop_with,21,3549,316,57216,61081,5.8%,0.5%
hadoop_with,22,3549,316,57216,61081,5.8%,0.5%
hadoop_with,23,1283,304,61056,62643,2.0%,0.5%
hadoop_with,24,1283,304,61056,62643,2.0%,0.5%
hadoop_with,25,2481,1534,62592,66607,3.7%,2.3%
hadoop_with,26,2481,1534,62592,66607,3.7%,2.3%
hadoop_with,27,2481,1534,62592,66607,3.7%,2.3%
hadoop_with,28,2481,1534,62592,66607,3.7%,2.3%
hadoop_with,29,2481,1534,62592,66607,3.7%,2.3%
hadoop_with,30,1704,216,65024,66944,2.5%,0.3%
hadoop_with,31,272,502,66688,67462,0.4%,0.7%
hadoop_with,32,272,502,66688,67462,0.4%,0.7%
hadoop_with,33,272,502,66688,67462,0.4%,0.7%
hadoop_with,34,272,502,66688,67462,0.4%,0.7%
hadoop_with,35,1574,291,66944,68809,2.3%,0.4%
hadoop_with,36,1574,291,66944,68809,2.3%,0.4%
hadoop_with,37,1574,291,66944,68809,2.3%,0.4%
hadoop_with,38,2428,443,68736,71607,3.4%,0.6%
hadoop_with,39,2428,443,68736,71607,3.4%,0.6%
hadoop_with,40,2428,443,68736,71607,3.4%,0.6%
hadoop_with,41,904,4480,71552,76936,1.2%,5.8%
hadoop_with,42,904,4480,71552,76936,1.2%,5.8%
hadoop_with,43,904,4480,71552,76936,1.2%,5.8%
hadoop_with,44,1363,387,76928,78678,1.7%,0.5%
hadoop_with,45,1363,387,76928,78678,1.7%,0.5%
hadoop_with,46,1363,387,76928,78678,1.7%,0.5%
hadoop_with,47,1094,356,78592,80042,1.4%,0.4%
hadoop_with,48,1094,356,78592,80042,1.4%,0.4%
hadoop_with,49,1094,356,78592,80042,1.4%,0.4%
hadoop_with,50,922,1586,80000,82508,1.1%,1.9%
hadoop_with,51,922,1586,80000,82508,1.1%,1.9%
hadoop_with,52,922,1586,80000,82508,1.1%,1.9%
hadoop_with,53,922,1586,80000,82508,1.1%,1.9%
hadoop_with,54,958,464,82432,83854,1.1%,0.6%
hadoop_with,55,2212,819,83840,86871,2.5%,0.9%
hadoop_with,56,2212,819,83840,86871,2.5%,0.9%
hadoop_with,57,1294,2216,86784,90294,1.4%,2.5%
hadoop_with,58,1294,2216,86784,90294,1.4%,2.5%
hadoop_with,59,1294,2216,86784,90294,1.4%,2.5%
hadoop_with,60,1689,354,90240,92283,1.8%,0.4%
hadoop_with,61,1689,354,90240,92283,1.8%,0.4%
hadoop_with,62,1689,354,90240,92283,1.8%,0.4%
hadoop_with,63,1329,2212,92160,95701,1.4%,2.3%
hadoop_with,64,1329,2212,92160,95701,1.4%,2.3%
hadoop_with,65,1329,2212,92160,95701,1.4%,2.3%
hadoop_with,66,198,403,95616,96217,0.2%,0.4%
hadoop_with,67,198,403,95616,96217,0.2%,0.4%
hadoop_with,68,121,235,96128,96484,0.1%,0.2%
hadoop_with,69,292,782,96384,97458,0.3%,0.8%
hadoop_with,70,834,1812,96640,99286,0.8%,1.8%
hadoop_with,71,756,370,99200,100326,0.8%,0.4%
hadoop_with,72,756,370,99200,100326,0.8%,0.4%
hadoop_with,73,756,370,99200,100326,0.8%,0.4%
hadoop_with,74,1076,282,100224,101582,1.1%,0.3%
hadoop_with,75,386,210,101504,102100,0.4%,0.2%
hadoop_with,76,124,142,102016,102282,0.1%,0.1%
hadoop_with,77,180,495,102272,102947,0.2%,0.5%
hadoop_with,78,26527,450,0,26977,98.3%,1.7%
hadoop_with,79,26527,450,0,26977,98.3%,1.7%
hadoop_with,80,26527,450,0,26977,98.3%,1.7%
hadoop_with,81,26527,450,0,26977,98.3%,1.7%
hadoop_with,82,17208,301,26880,44389,38.8%,0.7%
hadoop_with,83,3409,673,44032,48114,7.1%,1.4%
hadoop_with,84,3409,673,44032,48114,7.1%,1.4%
hadoop_with,85,3409,673,44032,48114,7.1%,1.4%
hadoop_with,86,3409,673,44032,48114,7.1%,1.4%
hadoop_with,87,3409,673,44032,48114,7.1%,1.4%
hadoop_with,88,459,188,48000,48647,0.9%,0.4%
hadoop_with,89,549,709,48640,49898,1.1%,1.4%
hadoop_with,90,549,709,48640,49898,1.1%,1.4%
hadoop_with,91,549,709,48640,49898,1.1%,1.4%
hadoop_with,92,549,709,48640,49898,1.1%,1.4%
hadoop_with,93,549,709,48640,49898,1.1%,1.4%
hadoop_with,94,549,709,48640,49898,1.1%,1.4%
hadoop_with,95,549,709,48640,49898,1.1%,1.4%
hadoop_with,96,6761,397,49792,56950,11.9%,0.7%
hadoop_with,97,261,127,56832,57220,0.5%,0.2%
hadoop_with,98,3549,316,57216,61081,5.8%,0.5%
hadoop_with,99,3549,316,57216,61081,5.8%,0.5%
hadoop_with,100,1283,304,61056,62643,2.0%,0.5%
hadoop_with,101,1283,304,61056,62643,2.0%,0.5%
hadoop_with,102,2481,1534,62592,66607,3.7%,2.3%
hadoop_with,103,2481,1534,62592,66607,3.7%,2.3%
hadoop_with,104,2481,1534,62592,66607,3.7%,2.3%
hadoop_with,105,2481,1534,62592,66607,3.7%,2.3%
hadoop_with,106,2481,1534,62592,66607,3.7%,2.3%
hadoop_with,107,1704,216,65024,66944,2.5%,0.3%
hadoop_with,108,272,502,66688,67462,0.4%,0.7%
hadoop_with,109,272,502,66688,67462,0.4%,0.7%
hadoop_with,110,272,502,66688,67462,0.4%,0.7%
hadoop_with,111,272,502,66688,67462,0.4%,0.7%
hadoop_with,112,1574,291,66944,68809,2.3%,0.4%
hadoop_with,113,1574,291,66944,68809,2.3%,0.4%
hadoop_with,114,1574,291,66944,68809,2.3%,0.4%
hadoop_with,115,2428,443,68736,71607,3.4%,0.6%
hadoop_with,116,2428,443,68736,71607,3.4%,0.6%
hadoop_with,117,2428,443,68736,71607,3.4%,0.6%
hadoop_with,118,904,4480,71552,76936,1.2%,5.8%
hadoop_with,119,904,4480,71552,76936,1.2%,5.8%
hadoop_with,120,904,4480,71552,76936,1.2%,5.8%
hadoop_with,121,1363,387,76928,78678,1.7%,0.5%
hadoop_with,122,1363,387,76928,78678,1.7%,0.5%
hadoop_with,123,1363,387,76928,78678,1.7%,0.5%
hadoop_with,124,1094,356,78592,80042,1.4%,0.4%
hadoop_with,125,1094,356,78592,80042,1.4%,0.4%
hadoop_with,126,1094,356,78592,80042,1.4%,0.4%
hadoop_with,127,922,1586,80000,82508,1.1%,1.9%
hadoop_with,128,922,1586,80000,82508,1.1%,1.9%
hadoop_with,129,922,1586,80000,82508,1.1%,1.9%
hadoop_with,130,922,1586,80000,82508,1.1%,1.9%
hadoop_with,131,958,464,82432,83854,1.1%,0.6%
hadoop_with,132,2212,819,83840,86871,2.5%,0.9%
hadoop_with,133,2212,819,83840,86871,2.5%,0.9%
hadoop_with,134,1294,2216,86784,90294,1.4%,2.5%
hadoop_with,135,1294,2216,86784,90294,1.4%,2.5%
hadoop_with,136,1294,2216,86784,90294,1.4%,2.5%
hadoop_with,137,1689,354,90240,92283,1.8%,0.4%
hadoop_with,138,1689,354,90240,92283,1.8%,0.4%
hadoop_with,139,1689,354,90240,92283,1.8%,0.4%
hadoop_with,140,1329,2212,92160,95701,1.4%,2.3%
hadoop_with,141,1329,2212,92160,95701,1.4%,2.3%
hadoop_with,142,1329,2212,92160,95701,1.4%,2.3%
hadoop_with,143,198,403,95616,96217,0.2%,0.4%
hadoop_with,144,198,403,95616,96217,0.2%,0.4%
hadoop_with,145,121,235,96128,96484,0.1%,0.2%
hadoop_with,146,292,782,96384,97458,0.3%,0.8%
hadoop_with,147,834,1812,96640,99286,0.8%,1.8%
hadoop_with,148,756,370,99200,100326,0.8%,0.4%
hadoop_with,149,756,370,99200,100326,0.8%,0.4%
hadoop_with,150,756,370,99200,100326,0.8%,0.4%
hadoop_with,151,1076,282,100224,101582,1.1%,0.3%
hadoop_with,152,386,210,101504,102100,0.4%,0.2%
hadoop_with,153,124,142,102016,102282,0.1%,0.1%
hadoop_with,154,180,495,102272,102947,0.2%,0.5%
hadoop_with,155,26527,450,0,26977,98.3%,1.7%
hadoop_with,156,26527,450,0,26977,98.3%,1.7%
hadoop_with,157,26527,450,0,26977,98.3%,1.7%
hadoop_with,158,26527,450,0,26977,98.3%,1.7%
hadoop_with,159,17208,301,26880,44389,38.8%,0.7%
hadoop_with,160,3409,673,44032,48114,7.1%,1.4%
hadoop_with,161,3409,673,44032,48114,7.1%,1.4%
hadoop_with,162,3409,673,44032,48114,7.1%,1.4%
hadoop_with,163,3409,673,44032,48114,7.1%,1.4%
hadoop_with,164,3409,673,44032,48114,7.1%,1.4%
hadoop_with,165,459,188,48000,48647,0.9%,0.4%
hadoop_with,166,549,709,48640,49898,1.1%,1.4%
hadoop_with,167,549,709,48640,49898,1.1%,1.4%
hadoop_with,168,549,709,48640,49898,1.1%,1.4%
hadoop_with,169,549,709,48640,49898,1.1%,1.4%
hadoop_with,170,549,709,48640,49898,1.1%,1.4%
hadoop_with,171,549,709,48640,49898,1.1%,1.4%
hadoop_with,172,549,709,48640,49898,1.1%,1.4%
hadoop_with,173,6761,397,49792,56950,11.9%,0.7%
hadoop_with,174,261,127,56832,57220,0.5%,0.2%
hadoop_with,175,3549,316,57216,61081,5.8%,0.5%
hadoop_with,176,3549,316,57216,61081,5.8%,0.5%
hadoop_with,177,1283,304,61056,62643,2.0%,0.5%
hadoop_with,178,1283,304,61056,62643,2.0%,0.5%
hadoop_with,179,2481,1534,62592,66607,3.7%,2.3%
hadoop_with,180,2481,1534,62592,66607,3.7%,2.3%
hadoop_with,181,2481,1534,62592,66607,3.7%,2.3%
hadoop_with,182,2481,1534,62592,66607,3.7%,2.3%
hadoop_with,183,2481,1534,62592,66607,3.7%,2.3%
hadoop_with,184,1704,216,65024,66944,2.5%,0.3%
hadoop_with,185,272,502,66688,67462,0.4%,0.7%
hadoop_with,186,272,502,66688,67462,0.4%,0.7%
hadoop_with,187,272,502,66688,67462,0.4%,0.7%
hadoop_with,188,272,502,66688,67462,0.4%,0.7%
hadoop_with,189,1574,291,66944,68809,2.3%,0.4%
hadoop_with,190,1574,291,66944,68809,2.3%,0.4%
hadoop_with,191,1574,291,66944,68809,2.3%,0.4%
hadoop_with,192,2428,443,68736,71607,3.4%,0.6%
hadoop_with,193,2428,443,68736,71607,3.4%,0.6%
hadoop_with,194,2428,443,68736,71607,3.4%,0.6%
hadoop_with,195,904,4480,71552,76936,1.2%,5.8%
hadoop_with,196,904,4480,71552,76936,1.2%,5.8%
hadoop_with,197,904,4480,71552,76936,1.2%,5.8%
hadoop_with,198,1363,387,76928,78678,1.7%,0.5%
hadoop_with,199,1363,387,76928,78678,1.7%,0.5%
hadoop_with,200,1363,387,76928,78678,1.7%,0.5%
hadoop_with,201,1094,356,78592,80042,1.4%,0.4%
hadoop_with,202,1094,356,78592,80042,1.4%,0.4%
hadoop_with,203,1094,356,78592,80042,1.4%,0.4%
hadoop_with,204,922,1586,80000,82508,1.1%,1.9%
hadoop_with,205,922,1586,80000,82508,1.1%,1.9%
hadoop_with,206,922,1586,80000,82508,1.1%,1.9%
hadoop_with,207,922,1586,80000,82508,1.1%,1.9%
hadoop_with,208,958,464,82432,83854,1.1%,0.6%
hadoop_with,209,2212,819,83840,86871,2.5%,0.9%
hadoop_with,210,2212,819,83840,86871,2.5%,0.9%
hadoop_with,211,1294,2216,86784,90294,1.4%,2.5%
hadoop_with,212,1294,2216,86784,90294,1.4%,2.5%
hadoop_with,213,1294,2216,86784,90294,1.4%,2.5%
hadoop_with,214,1689,354,90240,92283,1.8%,0.4%
hadoop_with,215,1689,354,90240,92283,1.8%,0.4%
hadoop_with,216,1689,354,90240,92283,1.8%,0.4%
hadoop_with,217,1329,2212,92160,95701,1.4%,2.3%
hadoop_with,218,1329,2212,92160,95701,1.4%,2.3%
hadoop_with,219,1329,2212,92160,95701,1.4%,2.3%
hadoop_with,220,198,403,95616,96217,0.2%,0.4%
hadoop_with,221,198,403,95616,96217,0.2%,0.4%
hadoop_with,222,121,235,96128,96484,0.1%,0.2%
hadoop_with,223,292,782,96384,97458,0.3%,0.8%
hadoop_with,224,834,1812,96640,99286,0.8%,1.8%
hadoop_with,225,756,370,99200,100326,0.8%,0.4%
hadoop_with,226,756,370,99200,100326,0.8%,0.4%
hadoop_with,227,756,370,99200,100326,0.8%,0.4%
hadoop_with,228,1076,282,100224,101582,1.1%,0.3%
hadoop_with,229,386,210,101504,102100,0.4%,0.2%
hadoop_with,230,124,142,102016,102282,0.1%,0.1%
hadoop_with,231,180,495,102272,102947,0.2%,0.5%
hadoop_without,1,26527,408,0,26935,98.5%,1.5%
hadoop_without,2,26527,408,0,26935,98.5%,1.5%
hadoop_without,3,26527,408,0,26935,98.5%,1.5%
hadoop_without,4,26527,408,0,26935,98.5%,1.5%
hadoop_without,5,16425,497,26880,43802,37.5%,1.1%
hadoop_without,6,16425,497,26880,43802,37.5%,1.1%
hadoop_without,7,6467,367,43776,50610,12.8%,0.7%
hadoop_without,8,6467,367,43776,50610,12.8%,0.7%
hadoop_without,9,6467,367,43776,50610,12.8%,0.7%
hadoop_without,10,9643,1052,50560,61255,15.7%,1.7%
hadoop_without,11,9643,1052,50560,61255,15.7%,1.7%
hadoop_without,12,1394,320,61184,62898,2.2%,0.5%
hadoop_without,13,1389,743,62464,64596,2.2%,1.2%
hadoop_without,14,1389,743,62464,64596,2.2%,1.2%
hadoop_without,15,1389,743,62464,64596,2.2%,1.2%
hadoop_without,16,1389,743,62464,64596,2.2%,1.2%
hadoop_without,17,1389,743,62464,64596,2.2%,1.2%
hadoop_without,18,1389,743,62464,64596,2.2%,1.2%
hadoop_without,19,1389,743,62464,64596,2.2%,1.2%
hadoop_without,20,5384,985,64512,70881,7.6%,1.4%
hadoop_without,21,5384,985,64512,70881,7.6%,1.4%
hadoop_without,22,1123,2990,70784,74897,1.5%,4.0%
hadoop_without,23,257,304,74880,75441,0.3%,0.4%
hadoop_without,24,257,304,74880,75441,0.3%,0.4%
hadoop_without,25,4532,300,75392,80224,5.6%,0.4%
hadoop_without,26,4532,300,75392,80224,5.6%,0.4%
hadoop_without,27,1805,252,79872,81929,2.2%,0.3%
hadoop_without,28,1805,252,79872,81929,2.2%,0.3%
hadoop_without,29,2167,1044,81920,85131,2.5%,1.2%
hadoop_without,30,2167,1044,81920,85131,2.5%,1.2%
hadoop_without,31,2301,417,83968,86686,2.7%,0.5%
hadoop_without,32,1284,1682,86144,89110,1.4%,1.9%
hadoop_without,33,3241,935,87424,91600,3.5%,1.0%
hadoop_without,34,3241,935,87424,91600,3.5%,1.0%
hadoop_without,35,3241,935,87424,91600,3.5%,1.0%
hadoop_without,36,3241,935,87424,91600,3.5%,1.0%
hadoop_without,37,386,810,91520,92716,0.4%,0.9%
hadoop_without,38,386,810,91520,92716,0.4%,0.9%
hadoop_without,39,386,810,91520,92716,0.4%,0.9%
hadoop_without,40,868,1279,92672,94819,0.9%,1.3%
hadoop_without,41,441,2050,94720,97211,0.5%,2.1%
hadoop_without,42,441,2050,94720,97211,0.5%,2.1%
hadoop_without,43,441,2050,94720,97211,0.5%,2.1%
hadoop_without,44,441,2050,94720,97211,0.5%,2.1%
hadoop_without,45,2959,2142,95104,100205,3.0%,2.1%
hadoop_without,46,2959,2142,95104,100205,3.0%,2.1%
hadoop_without,47,2959,2142,95104,100205,3.0%,2.1%
hadoop_without,48,2959,2142,95104,100205,3.0%,2.1%
hadoop_without,49,443,2424,100096,102963,0.4%,2.4%
hadoop_without,50,443,2424,100096,102963,0.4%,2.4%
hadoop_without,51,443,2424,100096,102963,0.4%,2.4%
hadoop_without,52,1041,387,102912,104340,1.0%,0.4%
hadoop_without,53,1041,387,102912,104340,1.0%,0.4%
hadoop_without,54,2007,2049,104320,108376,1.9%,1.9%
hadoop_without,55,2007,2049,104320,108376,1.9%,1.9%
hadoop_without,56,2007,2049,104320,108376,1.9%,1.9%
hadoop_without,57,1067,1155,108288,110510,1.0%,1.0%
hadoop_without,58,1067,1155,108288,110510,1.0%,1.0%
hadoop_without,59,1067,1155,108288,110510,1.0%,1.0%
hadoop_without,60,1067,1155,108288,110510,1.0%,1.0%
hadoop_without,61,124,1479,110464,112067,0.1%,1.3%
hadoop_without,62,124,1479,110464,112067,0.1%,1.3%
hadoop_without,63,124,1479,110464,112067,0.1%,1.3%
hadoop_without,64,124,1479,110464,112067,0.1%,1.3%
hadoop_without,65,577,2999,112000,115576,0.5%,2.6%
hadoop_without,66,145,3155,115456,118756,0.1%,2.7%
hadoop_without,67,169,462,118656,119287,0.1%,0.4%
hadoop_without,68,308,249,119168,119725,0.3%,0.2%
hadoop_without,69,308,249,119168,119725,0.3%,0.2%
hadoop_without,70,3113,279,119680,123072,2.5%,0.2%
hadoop_without,71,3113,279,119680,123072,2.5%,0.2%
hadoop_without,72,721,915,123008,124644,0.6%,0.7%
hadoop_without,73,721,915,123008,124644,0.6%,0.7%
hadoop_without,74,312,153,124544,125009,0.2%,0.1%
hadoop_without,75,1102,281,124928,126311,0.9%,0.2%
hadoop_without,76,463,1381,126208,128052,0.4%,1.1%
hadoop_without,77,100,2794,128000,130894,0.1%,2.1%
hadoop_without,78,488,302,130816,131606,0.4%,0.2%
hadoop_without,79,488,302,130816,131606,0.4%,0.2%
hadoop_without,80,973,193,131584,132750,0.7%,0.1%
hadoop_without,81,295,427,132480,133202,0.2%,0.3%
hadoop_without,82,1578,372,133120,135070,1.2%,0.3%
hadoop_without,83,5298,1219,135040,141557,3.7%,0.9%
hadoop_without,84,5298,1219,135040,141557,3.7%,0.9%
hadoop_without,85,209,878,141440,142527,0.1%,0.6%
hadoop_without,86,278,140,142464,142882,0.2%,0.1%
hadoop_without,87,1065,401,142848,144314,0.7%,0.3%
hadoop_without,88,26527,408,0,26935,98.5%,1.5%
hadoop_without,89,26527,408,0,26935,98.5%,1.5%
hadoop_without,90,26527,408,0,26935,98.5%,1.5%
hadoop_without,91,26527,408,0,26935,98.5%,1.5%
hadoop_without,92,16425,497,26880,43802,37.5%,1.1%
hadoop_without,93,16425,497,26880,43802,37.5%,1.1%
hadoop_without,94,6467,367,43776,50610,12.8%,0.7%
hadoop_without,95,6467,367,43776,50610,12.8%,0.7%
hadoop_without,96,6467,367,43776,50610,12.8%,0.7%
hadoop_without,97,9643,1052,50560,61255,15.7%,1.7%
hadoop_without,98,9643,1052,50560,61255,15.7%,1.7%
hadoop_without,99,1394,320,61184,62898,2.2%,0.5%
hadoop_without,100,1389,743,62464,64596,2.2%,1.2%
hadoop_without,101,1389,743,62464,64596,2.2%,1.2%
hadoop_without,102,1389,743,62464,64596,2.2%,1.2%
hadoop_without,103,1389,743,62464,64596,2.2%,1.2%
hadoop_without,104,1389,743,62464,64596,2.2%,1.2%
hadoop_without,105,1389,743,62464,64596,2.2%,1.2%
hadoop_without,106,1389,743,62464,64596,2.2%,1.2%
hadoop_without,107,5384,985,64512,70881,7.6%,1.4%
hadoop_without,108,5384,985,64512,70881,7.6%,1.4%
hadoop_without,109,1123,2990,70784,74897,1.5%,4.0%
hadoop_without,110,257,304,74880,75441,0.3%,0.4%
hadoop_without,111,257,304,74880,75441,0.3%,0.4%
hadoop_without,112,4532,300,75392,80224,5.6%,0.4%
hadoop_without,113,4532,300,75392,80224,5.6%,0.4%
hadoop_without,114,1805,252,79872,81929,2.2%,0.3%
hadoop_without,115,1805,252,79872,81929,2.2%,0.3%
hadoop_without,116,2167,1044,81920,85131,2.5%,1.2%
hadoop_without,117,2167,1044,81920,85131,2.5%,1.2%
hadoop_without,118,2301,417,83968,86686,2.7%,0.5%
hadoop_without,119,1284,1682,86144,89110,1.4%,1.9%
hadoop_without,120,3241,935,87424,91600,3.5%,1.0%
hadoop_without,121,3241,935,87424,91600,3.5%,1.0%
hadoop_without,122,3241,935,87424,91600,3.5%,1.0%
hadoop_without,123,3241,935,87424,91600,3.5%,1.0%
hadoop_without,124,386,810,91520,92716,0.4%,0.9%
hadoop_without,125,386,810,91520,92716,0.4%,0.9%
hadoop_without,126,386,810,91520,92716,0.4%,0.9%
hadoop_without,127,868,1279,92672,94819,0.9%,1.3%
hadoop_without,128,441,2050,94720,97211,0.5%,2.1%
hadoop_without,129,441,2050,94720,97211,0.5%,2.1%
hadoop_without,130,441,2050,94720,97211,0.5%,2.1%
hadoop_without,131,441,2050,94720,97211,0.5%,2.1%
hadoop_without,132,2959,2142,95104,100205,3.0%,2.1%
hadoop_without,133,2959,2142,95104,100205,3.0%,2.1%
hadoop_without,134,2959,2142,95104,100205,3.0%,2.1%
hadoop_without,135,2959,2142,95104,100205,3.0%,2.1%
hadoop_without,136,443,2424,100096,102963,0.4%,2.4%
hadoop_without,137,443,2424,100096,102963,0.4%,2.4%
hadoop_without,138,443,2424,100096,102963,0.4%,2.4%
hadoop_without,139,1041,387,102912,104340,1.0%,0.4%
hadoop_without,140,1041,387,102912,104340,1.0%,0.4%
hadoop_without,141,2007,2049,104320,108376,1.9%,1.9%
hadoop_without,142,2007,2049,104320,108376,1.9%,1.9%
hadoop_without,143,2007,2049,104320,108376,1.9%,1.9%
hadoop_without,144,1067,1155,108288,110510,1.0%,1.0%
hadoop_without,145,1067,1155,108288,110510,1.0%,1.0%
hadoop_without,146,1067,1155,108288,110510,1.0%,1.0%
hadoop_without,147,1067,1155,108288,110510,1.0%,1.0%
hadoop_without,148,124,1479,110464,112067,0.1%,1.3%
hadoop_without,149,124,1479,110464,112067,0.1%,1.3%
hadoop_without,150,124,1479,110464,112067,0.1%,1.3%
hadoop_without,151,124,1479,110464,112067,0.1%,1.3%
hadoop_without,152,577,2999,112000,115576,0.5%,2.6%
hadoop_without,153,145,3155,115456,118756,0.1%,2.7%
hadoop_without,154,169,462,118656,119287,0.1%,0.4%
hadoop_without,155,308,249,119168,119725,0.3%,0.2%
hadoop_without,156,308,249,119168,119725,0.3%,0.2%
hadoop_without,157,3113,279,119680,123072,2.5%,0.2%
hadoop_without,158,3113,279,119680,123072,2.5%,0.2%
hadoop_without,159,721,915,123008,124644,0.6%,0.7%
hadoop_without,160,721,915,123008,124644,0.6%,0.7%
hadoop_without,161,312,153,124544,125009,0.2%,0.1%
hadoop_without,162,1102,281,124928,126311,0.9%,0.2%
hadoop_without,163,463,1381,126208,128052,0.4%,1.1%
hadoop_without,164,100,2794,128000,130894,0.1%,2.1%
hadoop_without,165,488,302,130816,131606,0.4%,0.2%
hadoop_without,166,488,302,130816,131606,0.4%,0.2%
hadoop_without,167,973,193,131584,132750,0.7%,0.1%
hadoop_without,168,295,427,132480,133202,0.2%,0.3%
hadoop_without,169,1578,372,133120,135070,1.2%,0.3%
hadoop_without,170,5298,1219,135040,141557,3.7%,0.9%
hadoop_without,171,5298,1219,135040,141557,3.7%,0.9%
hadoop_without,172,209,878,141440,142527,0.1%,0.6%
hadoop_without,173,278,140,142464,142882,0.2%,0.1%
hadoop_without,174,1065,401,142848,144314,0.7%,0.3%
hadoop_without,175,26527,408,0,26935,98.5%,1.5%
hadoop_without,176,26527,408,0,26935,98.5%,1.5%
hadoop_without,177,26527,408,0,26935,98.5%,1.5%
hadoop_without,178,26527,408,0,26935,98.5%,1.5%
hadoop_without,179,16425,497,26880,43802,37.5%,1.1%
hadoop_without,180,16425,497,26880,43802,37.5%,1.1%
hadoop_without,181,6467,367,43776,50610,12.8%,0.7%
hadoop_without,182,6467,367,43776,50610,12.8%,0.7%
hadoop_without,183,6467,367,43776,50610,12.8%,0.7%
hadoop_without,184,9643,1052,50560,61255,15.7%,1.7%
hadoop_without,185,9643,1052,50560,61255,15.7%,1.7%
hadoop_without,186,1394,320,61184,62898,2.2%,0.5%
hadoop_without,187,1389,743,62464,64596,2.2%,1.2%
hadoop_without,188,1389,743,62464,64596,2.2%,1.2%
hadoop_without,189,1389,743,62464,64596,2.2%,1.2%
hadoop_without,190,1389,743,62464,64596,2.2%,1.2%
hadoop_without,191,1389,743,62464,64596,2.2%,1.2%
hadoop_without,192,1389,743,62464,64596,2.2%,1.2%
hadoop_without,193,1389,743,62464,64596,2.2%,1.2%
hadoop_without,194,5384,985,64512,70881,7.6%,1.4%
hadoop_without,195,5384,985,64512,70881,7.6%,1.4%
hadoop_without,196,1123,2990,70784,74897,1.5%,4.0%
hadoop_without,197,257,304,74880,75441,0.3%,0.4%
hadoop_without,198,257,304,74880,75441,0.3%,0.4%
hadoop_without,199,4532,300,75392,80224,5.6%,0.4%
hadoop_without,200,4532,300,75392,80224,5.6%,0.4%
hadoop_without,201,1805,252,79872,81929,2.2%,0.3%
hadoop_without,202,1805,252,79872,81929,2.2%,0.3%
hadoop_without,203,2167,1044,81920,85131,2.5%,1.2%
hadoop_without,204,2167,1044,81920,85131,2.5%,1.2%
hadoop_without,205,2301,417,83968,86686,2.7%,0.5%
hadoop_without,206,1284,1682,86144,89110,1.4%,1.9%
hadoop_without,207,3241,935,87424,91600,3.5%,1.0%
hadoop_without,208,3241,935,87424,91600,3.5%,1.0%
hadoop_without,209,3241,935,87424,91600,3.5%,1.0%
hadoop_without,210,3241,935,87424,91600,3.5%,1.0%
hadoop_without,211,386,810,91520,92716,0.4%,0.9%
hadoop_without,212,386,810,91520,92716,0.4%,0.9%
hadoop_without,213,386,810,91520,92716,0.4%,0.9%
hadoop_without,214,868,1279,92672,94819,0.9%,1.3%
hadoop_without,215,441,2050,94720,97211,0.5%,2.1%
hadoop_without,216,441,2050,94720,97211,0.5%,2.1%
hadoop_without,217,441,2050,94720,97211,0.5%,2.1%
hadoop_without,218,441,2050,94720,97211,0.5%,2.1%
hadoop_without,219,2959,2142,95104,100205,3.0%,2.1%
hadoop_without,220,2959,2142,95104,100205,3.0%,2.1%
hadoop_without,221,2959,2142,95104,100205,3.0%,2.1%
hadoop_without,222,2959,2142,95104,100205,3.0%,2.1%
hadoop_without,223,443,2424,100096,102963,0.4%,2.4%
hadoop_without,224,443,2424,100096,102963,0.4%,2.4%
hadoop_without,225,443,2424,100096,102963,0.4%,2.4%
hadoop_without,226,1041,387,102912,104340,1.0%,0.4%
hadoop_without,227,1041,387,102912,104340,1.0%,0.4%
hadoop_without,228,2007,2049,104320,108376,1.9%,1.9%
hadoop_without,229,2007,2049,104320,108376,1.9%,1.9%
hadoop_without,230,2007,2049,104320,108376,1.9%,1.9%
hadoop_without,231,1067,1155,108288,110510,1.0%,1.0%
hadoop_without,232,1067,1155,108288,110510,1.0%,1.0%
hadoop_without,233,1067,1155,108288,110510,1.0%,1.0%
hadoop_without,234,1067,1155,108288,110510,1.0%,1.0%
hadoop_without,235,124,1479,110464,112067,0.1%,1.3%
hadoop_without,236,124,1479,110464,112067,0.1%,1.3%
hadoop_without,237,124,1479,110464,112067,0.1%,1.3%
hadoop_without,238,124,1479,110464,112067,0.1%,1.3%
hadoop_without,239,577,2999,112000,115576,0.5%,2.6%
hadoop_without,240,145,3155,115456,118756,0.1%,2.7%
hadoop_without,241,169,462,118656,119287,0.1%,0.4%
hadoop_without,242,308,249,119168,119725,0.3%,0.2%
hadoop_without,243,308,249,119168,119725,0.3%,0.2%
hadoop_without,244,3113,279,119680,123072,2.5%,0.2%
hadoop_without,245,3113,279,119680,123072,2.5%,0.2%
hadoop_without,246,721,915,123008,124644,0.6%,0.7%
hadoop_without,247,721,915,123008,124644,0.6%,0.7%
hadoop_without,248,312,153,124544,125009,0.2%,0.1%
hadoop_without,249,1102,281,124928,126311,0.9%,0.2%
hadoop_without,250,463,1381,126208,128052,0.4%,1.1%
hadoop_without,251,100,2794,128000,130894,0.1%,2.1%
hadoop_without,252,488,302,130816,131606,0.4%,0.2%
hadoop_without,253,488,302,130816,131606,0.4%,0.2%
hadoop_without,254,973,193,131584,132750,0.7%,0.1%
hadoop_without,255,295,427,132480,133202,0.2%,0.3%
hadoop_without,256,1578,372,133120,135070,1.2%,0.3%
hadoop_without,257,5298,1219,135040,141557,3.7%,0.9%
hadoop_without,258,5298,1219,135040,141557,3.7%,0.9%
hadoop_without,259,209,878,141440,142527,0.1%,0.6%
hadoop_without,260,278,140,142464,142882,0.2%,0.1%
hadoop_without,261,1065,401,142848,144314,0.7%,0.3%
karaf_with,1,26436,302,0,26738,98.9%,1.1%
karaf_with,2,26436,302,0,26738,98.9%,1.1%
karaf_with,3,26436,302,0,26738,98.9%,1.1%
karaf_with,4,11407,639,26624,38670,29.5%,1.7%
karaf_with,5,11407,639,26624,38670,29.5%,1.7%
karaf_with,6,11407,639,26624,38670,29.5%,1.7%
karaf_with,7,22258,593,38656,61507,36.2%,1.0%
karaf_with,8,22258,593,38656,61507,36.2%,1.0%
karaf_with,9,22258,593,38656,61507,36.2%,1.0%
karaf_with,10,13104,504,61440,75048,17.5%,0.7%
karaf_with,11,13104,504,61440,75048,17.5%,0.7%
karaf_with,12,13104,504,61440,75048,17.5%,0.7%
karaf_with,13,3852,426,75008,79286,4.9%,0.5%
karaf_with,14,3852,426,75008,79286,4.9%,0.5%
karaf_with,15,3852,426,75008,79286,4.9%,0.5%
karaf_with,16,2868,3560,79232,85660,3.3%,4.2%
karaf_with,17,2868,3560,79232,85660,3.3%,4.2%
karaf_with,18,2868,3560,79232,85660,3.3%,4.2%
karaf_with,19,2736,3194,85632,91562,3.0%,3.5%
karaf_with,20,2736,3194,85632,91562,3.0%,3.5%
karaf_with,21,1056,14935,91520,107511,1.0%,13.9%
karaf_with,22,202,429,107392,108023,0.2%,0.4%
karaf_with,23,654,191,107904,108749,0.6%,0.2%
karaf_with,24,141,180,108672,108993,0.1%,0.2%
karaf_with,25,85,431,108928,109444,0.1%,0.4%
karaf_without,1,26436,405,0,26841,98.5%,1.5%
karaf_without,2,26436,405,0,26841,98.5%,1.5%
karaf_without,3,26436,405,0,26841,98.5%,1.5%
karaf_without,4,11606,855,26752,39213,29.6%,2.2%
karaf_without,5,11606,855,26752,39213,29.6%,2.2%
karaf_without,6,11606,855,26752,39213,29.6%,2.2%
karaf_without,7,11606,855,26752,39213,29.6%,2.2%
karaf_without,8,13810,459,39168,53437,25.8%,0.9%
karaf_without,9,13810,459,39168,53437,25.8%,0.9%
karaf_without,10,13810,459,39168,53437,25.8%,0.9%
karaf_without,11,13810,459,39168,53437,25.8%,0.9%
karaf_without,12,5507,2633,53376,61516,9.0%,4.3%
karaf_without,13,5507,2633,53376,61516,9.0%,4.3%
karaf_without,14,5507,2633,53376,61516,9.0%,4.3%
karaf_without,15,5507,2633,53376,61516,9.0%,4.3%
karaf_without,16,6812,2024,61440,70276,9.7%,2.9%
karaf_without,17,6812,2024,61440,70276,9.7%,2.9%
karaf_without,18,6812,2024,61440,70276,9.7%,2.9%
karaf_without,19,2213,3907,70272,76392,2.9%,5.1%
karaf_without,20,2213,3907,70272,76392,2.9%,5.1%
karaf_without,21,1293,154,76288,77735,1.7%,0.2%
karaf_without,22,93,153,77696,77942,0.1%,0.2%
karaf_without,23,2641,498,77824,80963,3.3%,0.6%
karaf_without,24,2641,498,77824,80963,3.3%,0.6%
karaf_without,25,452,157,80896,81505,0.6%,0.2%
karaf_without,26,1621,294,81408,83323,1.9%,0.4%
karaf_without,27,1621,294,81408,83323,1.9%,0.4%
karaf_without,28,432,136,83200,83768,0.5%,0.2%
karaf_without,29,122,98,83712,83932,0.1%,0.1%
karaf_without,30,8443,3651,83840,95934,8.8%,3.8%
karaf_without,31,209,6006,95872,102087,0.2%,5.9%
karaf_without,32,6170,2258,96000,104428,5.9%,2.2%
karaf_without,33,365,4105,104320,108790,0.3%,3.8%
karaf_without,34,168,274,108672,109114,0.2%,0.3%
karaf_without,35,4192,6810,109056,120058,3.5%,5.7%
karaf_without,36,206,567,119936,120709,0.2%,0.5%
karaf_without,37,658,773,120704,122135,0.5%,0.6%
tvm_351_with,1,26480,489,0,26969,98.2%,1.8%
tvm_351_with,2,26480,489,0,26969,98.2%,1.8%
tvm_351_with,3,35139,1574,26880,63593,55.3%,2.5%
tvm_351_with,4,35139,1574,26880,63593,55.3%,2.5%
tvm_351_with,5,35139,1574,26880,63593,55.3%,2.5%
tvm_351_with,6,35121,2235,63488,100844,34.8%,2.2%
tvm_351_with,7,2304,451,98560,101315,2.3%,0.4%
tvm_351_with,8,311,1574,101248,103133,0.3%,1.5%
tvm_351_with,9,2664,597,103040,106301,2.5%,0.6%
tvm_351_with,10,302,648,106240,107190,0.3%,0.6%
tvm_351_with,11,3233,553,107136,110922,2.9%,0.5%
tvm_351_with,12,3233,553,107136,110922,2.9%,0.5%
tvm_351_with,13,3233,553,107136,110922,2.9%,0.5%
tvm_351_with,14,918,374,110848,112140,0.8%,0.3%
tvm_351_with,15,918,374,110848,112140,0.8%,0.3%
tvm_351_with,16,918,374,110848,112140,0.8%,0.3%
tvm_351_with,17,518,482,111744,112744,0.5%,0.4%
tvm_351_with,18,518,482,111744,112744,0.5%,0.4%
tvm_351_with,19,518,482,111744,112744,0.5%,0.4%
tvm_351_with,20,518,482,111744,112744,0.5%,0.4%
tvm_351_with,21,2423,367,112256,115046,2.1%,0.3%
tvm_351_with,22,2423,367,112256,115046,2.1%,0.3%
tvm_351_with,23,2423,367,112256,115046,2.1%,0.3%
tvm_351_with,24,1968,1686,114944,118598,1.7%,1.4%
tvm_351_with,25,1968,1686,114944,118598,1.7%,1.4%
tvm_351_with,26,1968,1686,114944,118598,1.7%,1.4%
tvm_351_with,27,8012,6848,118528,133388,6.0%,5.1%
tvm_351_with,28,8012,6848,118528,133388,6.0%,5.1%
tvm_351_with,29,8012,6848,118528,133388,6.0%,5.1%
tvm_351_with,30,8012,6848,118528,133388,6.0%,5.1%
tvm_351_with,31,10011,1536,126464,138011,7.3%,1.1%
tvm_351_with,32,3769,1672,137984,143425,2.6%,1.2%
tvm_351_with,33,1749,6031,141696,149476,1.2%,4.0%
tvm_351_with,34,3333,6069,149376,158778,2.1%,3.8%
tvm_351_with,35,1003,725,158720,160448,0.6%,0.5%
tvm_351_with,36,1003,725,158720,160448,0.6%,0.5%
tvm_351_with,37,1003,725,158720,160448,0.6%,0.5%
tvm_351_with,38,3128,230,159616,162974,1.9%,0.1%
tvm_351_with,39,70,584,162944,163598,0.0%,0.4%
tvm_351_with,40,26480,489,0,26969,98.2%,1.8%
tvm_351_with,41,26480,489,0,26969,98.2%,1.8%
tvm_351_with,42,35139,1574,26880,63593,55.3%,2.5%
tvm_351_with,43,35139,1574,26880,63593,55.3%,2.5%
tvm_351_with,44,35139,1574,26880,63593,55.3%,2.5%
tvm_351_with,45,35121,2235,63488,100844,34.8%,2.2%
tvm_351_with,46,2304,451,98560,101315,2.3%,0.4%
tvm_351_with,47,311,1574,101248,103133,0.3%,1.5%
tvm_351_with,48,2664,597,103040,106301,2.5%,0.6%
tvm_351_with,49,302,648,106240,107190,0.3%,0.6%
tvm_351_with,50,3233,553,107136,110922,2.9%,0.5%
tvm_351_with,51,3233,553,107136,110922,2.9%,0.5%
tvm_351_with,52,3233,553,107136,110922,2.9%,0.5%
tvm_351_with,53,918,374,110848,112140,0.8%,0.3%
tvm_351_with,54,918,374,110848,112140,0.8%,0.3%
tvm_351_with,55,918,374,110848,112140,0.8%,0.3%
tvm_351_with,56,518,482,111744,112744,0.5%,0.4%
tvm_351_with,57,518,482,111744,112744,0.5%,0.4%
tvm_351_with,58,518,482,111744,112744,0.5%,0.4%
tvm_351_with,59,518,482,111744,112744,0.5%,0.4%
tvm_351_with,60,2423,367,112256,115046,2.1%,0.3%
tvm_351_with,61,2423,367,112256,115046,2.1%,0.3%
tvm_351_with,62,2423,367,112256,115046,2.1%,0.3%
tvm_351_with,63,1968,1686,114944,118598,1.7%,1.4%
tvm_351_with,64,1968,1686,114944,118598,1.7%,1.4%
tvm_351_with,65,1968,1686,114944,118598,1.7%,1.4%
tvm_351_with,66,8012,6848,118528,133388,6.0%,5.1%
tvm_351_with,67,8012,6848,118528,133388,6.0%,5.1%
tvm_351_with,68,8012,6848,118528,133388,6.0%,5.1%
tvm_351_with,69,8012,6848,118528,133388,6.0%,5.1%
tvm_351_with,70,10011,1536,126464,138011,7.3%,1.1%
tvm_351_with,71,3769,1672,137984,143425,2.6%,1.2%
tvm_351_with,72,1749,6031,141696,149476,1.2%,4.0%
tvm_351_with,73,3333,6069,149376,158778,2.1%,3.8%
tvm_351_with,74,1003,725,158720,160448,0.6%,0.5%
tvm_351_with,75,1003,725,158720,160448,0.6%,0.5%
tvm_351_with,76,1003,725,158720,160448,0.6%,0.5%
tvm_351_with,77,3128,230,159616,162974,1.9%,0.1%
tvm_351_with,78,70,584,162944,163598,0.0%,0.4%
tvm_351_with,79,26480,489,0,26969,98.2%,1.8%
tvm_351_with,80,26480,489,0,26969,98.2%,1.8%
tvm_351_with,81,35139,1574,26880,63593,55.3%,2.5%
tvm_351_with,82,35139,1574,26880,63593,55.3%,2.5%
tvm_351_with,83,35139,1574,26880,63593,55.3%,2.5%
tvm_351_with,84,35121,2235,63488,100844,34.8%,2.2%
tvm_351_with,85,2304,451,98560,101315,2.3%,0.4%
tvm_351_with,86,311,1574,101248,103133,0.3%,1.5%
tvm_351_with,87,2664,597,103040,106301,2.5%,0.6%
tvm_351_with,88,302,648,106240,107190,0.3%,0.6%
tvm_351_with,89,3233,553,107136,110922,2.9%,0.5%
tvm_351_with,90,3233,553,107136,110922,2.9%,0.5%
tvm_351_with,91,3233,553,107136,110922,2.9%,0.5%
tvm_351_with,92,918,374,110848,112140,0.8%,0.3%
tvm_351_with,93,918,374,110848,112140,0.8%,0.3%
tvm_351_with,94,918,374,110848,112140,0.8%,0.3%
tvm_351_with,95,518,482,111744,112744,0.5%,0.4%
tvm_351_with,96,518,482,111744,112744,0.5%,0.4%
tvm_351_with,97,518,482,111744,112744,0.5%,0.4%
tvm_351_with,98,518,482,111744,112744,0.5%,0.4%
tvm_351_with,99,2423,367,112256,115046,2.1%,0.3%
tvm_351_with,100,2423,367,112256,115046,2.1%,0.3%
tvm_351_with,101,2423,367,112256,115046,2.1%,0.3%
tvm_351_with,102,1968,1686,114944,118598,1.7%,1.4%
tvm_351_with,103,1968,1686,114944,118598,1.7%,1.4%
tvm_351_with,104,1968,1686,114944,118598,1.7%,1.4%
tvm_351_with,105,8012,6848,118528,133388,6.0%,5.1%
tvm_351_with,106,8012,6848,118528,133388,6.0%,5.1%
tvm_351_with,107,8012,6848,118528,133388,6.0%,5.1%
tvm_351_with,108,8012,6848,118528,133388,6.0%,5.1%
tvm_351_with,109,10011,1536,126464,138011,7.3%,1.1%
tvm_351_with,110,3769,1672,137984,143425,2.6%,1.2%
tvm_351_with,111,1749,6031,141696,149476,1.2%,4.0%
tvm_351_with,112,3333,6069,149376,158778,2.1%,3.8%
tvm_351_with,113,1003,725,158720,160448,0.6%,0.5%
tvm_351_with,114,1003,725,158720,160448,0.6%,0.5%
tvm_351_with,115,1003,725,158720,160448,0.6%,0.5%
tvm_351_with,116,3128,230,159616,162974,1.9%,0.1%
tvm_351_with,117,70,584,162944,163598,0.0%,0.4%
tvm_351_without,1,26480,679,0,27159,97.5%,2.5%
tvm_351_without,2,26480,679,0,27159,97.5%,2.5%
tvm_351_without,3,26480,679,0,27159,97.5%,2.5%
tvm_351_without,4,26480,679,0,27159,97.5%,2.5%
tvm_351_without,5,33768,1137,27136,62041,54.4%,1.8%
tvm_351_without,6,24901,5665,61952,92518,26.9%,6.1%
tvm_351_without,7,336,421,92416,93173,0.4%,0.5%
tvm_351_without,8,336,421,92416,93173,0.4%,0.5%
tvm_351_without,9,336,421,92416,93173,0.4%,0.5%
tvm_351_without,10,336,421,92416,93173,0.4%,0.5%
tvm_351_without,11,2498,292,93056,95846,2.6%,0.3%
tvm_351_without,12,2498,292,93056,95846,2.6%,0.3%
tvm_351_without,13,2498,292,93056,95846,2.6%,0.3%
tvm_351_without,14,230,473,95744,96447,0.2%,0.5%
tvm_351_without,15,230,473,95744,96447,0.2%,0.5%
tvm_351_without,16,230,473,95744,96447,0.2%,0.5%
tvm_351_without,17,230,473,95744,96447,0.2%,0.5%
tvm_351_without,18,897,695,95872,97464,0.9%,0.7%
tvm_351_without,19,897,695,95872,97464,0.9%,0.7%
tvm_351_without,20,897,695,95872,97464,0.9%,0.7%
tvm_351_without,21,1731,379,96768,98878,1.8%,0.4%
tvm_351_without,22,1731,379,96768,98878,1.8%,0.4%
tvm_351_without,23,1731,379,96768,98878,1.8%,0.4%
tvm_351_without,24,1731,379,96768,98878,1.8%,0.4%
tvm_351_without,25,629,5462,98816,104907,0.6%,5.2%
tvm_351_without,26,629,5462,98816,104907,0.6%,5.2%
tvm_351_without,27,5563,234,99328,105125,5.3%,0.2%
tvm_351_without,28,5563,234,99328,105125,5.3%,0.2%
tvm_351_without,29,130,1998,105088,107216,0.1%,1.9%
tvm_351_without,30,2021,8085,105216,115322,1.8%,7.0%
tvm_351_without,31,243,151,115200,115594,0.2%,0.1%
tvm_351_without,32,32,253,115584,115869,0.0%,0.2%
tvm_351_without,33,338,6130,115584,122052,0.3%,5.0%
tvm_351_without,34,633,441,121984,123058,0.5%,0.4%
tvm_351_without,35,159,1208,123008,124375,0.1%,1.0%
tvm_351_without,36,260,631,124288,125179,0.2%,0.5%
tvm_351_without,37,285,322,125056,125663,0.2%,0.3%
tvm_351_without,38,134,465,125568,126167,0.1%,0.4%
tvm_351_without,39,248,848,126080,127176,0.2%,0.7%
tvm_351_without,40,552,217,127104,127873,0.4%,0.2%
tvm_351_without,41,273,220,127616,128109,0.2%,0.2%
tvm_351_without,42,273,220,127616,128109,0.2%,0.2%
tvm_351_without,43,1932,214,128000,130146,1.5%,0.2%
tvm_351_without,44,242,970,129920,131132,0.2%,0.7%
tvm_351_without,45,7828,2147,131072,141047,5.5%,1.5%
tvm_351_without,46,7828,2147,131072,141047,5.5%,1.5%
tvm_351_without,47,146,149,140928,141223,0.1%,0.1%
tvm_351_without,48,351,1599,141184,143134,0.2%,1.1%
tvm_351_without,49,509,857,143104,144470,0.4%,0.6%
tvm_351_without,50,26480,679,0,27159,97.5%,2.5%
tvm_351_without,51,26480,679,0,27159,97.5%,2.5%
tvm_351_without,52,26480,679,0,27159,97.5%,2.5%
tvm_351_without,53,26480,679,0,27159,97.5%,2.5%
tvm_351_without,54,33768,1137,27136,62041,54.4%,1.8%
tvm_351_without,55,24901,5665,61952,92518,26.9%,6.1%
tvm_351_without,56,336,421,92416,93173,0.4%,0.5%
tvm_351_without,57,336,421,92416,93173,0.4%,0.5%
tvm_351_without,58,336,421,92416,93173,0.4%,0.5%
tvm_351_without,59,336,421,92416,93173,0.4%,0.5%
tvm_351_without,60,2498,292,93056,95846,2.6%,0.3%
tvm_351_without,61,2498,292,93056,95846,2.6%,0.3%
tvm_351_without,62,2498,292,93056,95846,2.6%,0.3%
tvm_351_without,63,230,473,95744,96447,0.2%,0.5%
tvm_351_without,64,230,473,95744,96447,0.2%,0.5%
tvm_351_without,65,230,473,95744,96447,0.2%,0.5%
tvm_351_without,66,230,473,95744,96447,0.2%,0.5%
tvm_351_without,67,897,695,95872,97464,0.9%,0.7%
tvm_351_without,68,897,695,95872,97464,0.9%,0.7%
tvm_351_without,69,897,695,95872,97464,0.9%,0.7%
tvm_351_without,70,1731,379,96768,98878,1.8%,0.4%
tvm_351_without,71,1731,379,96768,98878,1.8%,0.4%
tvm_351_without,72,1731,379,96768,98878,1.8%,0.4%
tvm_351_without,73,1731,379,96768,98878,1.8%,0.4%
tvm_351_without,74,629,5462,98816,104907,0.6%,5.2%
tvm_351_without,75,629,5462,98816,104907,0.6%,5.2%
tvm_351_without,76,5563,234,99328,105125,5.3%,0.2%
tvm_351_without,77,5563,234,99328,105125,5.3%,0.2%
tvm_351_without,78,130,1998,105088,107216,0.1%,1.9%
tvm_351_without,79,2021,8085,105216,115322,1.8%,7.0%
tvm_351_without,80,243,151,115200,115594,0.2%,0.1%
tvm_351_without,81,32,253,115584,115869,0.0%,0.2%
tvm_351_without,82,338,6130,115584,122052,0.3%,5.0%
tvm_351_without,83,633,441,121984,123058,0.5%,0.4%
tvm_351_without,84,159,1208,123008,124375,0.1%,1.0%
tvm_351_without,85,260,631,124288,125179,0.2%,0.5%
tvm_351_without,86,285,322,125056,125663,0.2%,0.3%
tvm_351_without,87,134,465,125568,126167,0.1%,0.4%
tvm_351_without,88,248,848,126080,127176,0.2%,0.7%
tvm_351_without,89,552,217,127104,127873,0.4%,0.2%
tvm_351_without,90,273,220,127616,128109,0.2%,0.2%
tvm_351_without,91,273,220,127616,128109,0.2%,0.2%
tvm_351_without,92,1932,214,128000,130146,1.5%,0.2%
tvm_351_without,93,242,970,129920,131132,0.2%,0.7%
tvm_351_without,94,7828,2147,131072,141047,5.5%,1.5%
tvm_351_without,95,7828,2147,131072,141047,5.5%,1.5%
tvm_351_without,96,146,149,140928,141223,0.1%,0.1%
tvm_351_without,97,351,1599,141184,143134,0.2%,1.1%
tvm_351_without,98,509,857,143104,144470,0.4%,0.6%
tvm_351_without,99,26480,679,0,27159,97.5%,2.5%
tvm_351_without,100,26480,679,0,27159,97.5%,2.5%
tvm_351_without,101,26480,679,0,27159,97.5%,2.5%
tvm_351_without,102,26480,679,0,27159,97.5%,2.5%
tvm_351_without,103,33768,1137,27136,62041,54.4%,1.8%
tvm_351_without,104,24901,5665,61952,92518,26.9%,6.1%
tvm_351_without,105,336,421,92416,93173,0.4%,0.5%
tvm_351_without,106,336,421,92416,93173,0.4%,0.5%
tvm_351_without,107,336,421,92416,93173,0.4%,0.5%
tvm_351_without,108,336,421,92416,93173,0.4%,0.5%
tvm_351_without,109,2498,292,93056,95846,2.6%,0.3%
tvm_351_without,110,2498,292,93056,95846,2.6%,0.3%
tvm_351_without,111,2498,292,93056,95846,2.6%,0.3%
tvm_351_without,112,230,473,95744,96447,0.2%,0.5%
tvm_351_without,113,230,473,95744,96447,0.2%,0.5%
tvm_351_without,114,230,473,95744,96447,0.2%,0.5%
tvm_351_without,115,230,473,95744,96447,0.2%,0.5%
tvm_351_without,116,897,695,95872,97464,0.9%,0.7%
tvm_351_without,117,897,695,95872,97464,0.9%,0.7%
tvm_351_without,118,897,695,95872,97464,0.9%,0.7%
tvm_351_without,119,1731,379,96768,98878,1.8%,0.4%
tvm_351_without,120,1731,379,96768,98878,1.8%,0.4%
tvm_351_without,121,1731,379,96768,98878,1.8%,0.4%
tvm_351_without,122,1731,379,96768,98878,1.8%,0.4%
tvm_351_without,123,629,5462,98816,104907,0.6%,5.2%
tvm_351_without,124,629,5462,98816,104907,0.6%,5.2%
tvm_351_without,125,5563,234,99328,105125,5.3%,0.2%
tvm_351_without,126,5563,234,99328,105125,5.3%,0.2%
tvm_351_without,127,130,1998,105088,107216,0.1%,1.9%
tvm_351_without,128,2021,8085,105216,115322,1.8%,7.0%
tvm_351_without,129,243,151,115200,115594,0.2%,0.1%
tvm_351_without,130,32,253,115584,115869,0.0%,0.2%
tvm_351_without,131,338,6130,115584,122052,0.3%,5.0%
tvm_351_without,132,633,441,121984,123058,0.5%,0.4%
tvm_351_without,133,159,1208,123008,124375,0.1%,1.0%
tvm_351_without,134,260,631,124288,125179,0.2%,0.5%
tvm_351_without,135,285,322,125056,125663,0.2%,0.3%
tvm_351_without,136,134,465,125568,126167,0.1%,0.4%
tvm_351_without,137,248,848,126080,127176,0.2%,0.7%
tvm_351_without,138,552,217,127104,127873,0.4%,0.2%
tvm_351_without,139,273,220,127616,128109,0.2%,0.2%
tvm_351_without,140,273,220,127616,128109,0.2%,0.2%
tvm_351_without,141,1932,214,128000,130146,1.5%,0.2%
tvm_351_without,142,242,970,129920,131132,0.2%,0.7%
tvm_351_without,143,7828,2147,131072,141047,5.5%,1.5%
tvm_351_without,144,7828,2147,131072,141047,5.5%,1.5%
tvm_351_without,145,146,149,140928,141223,0.1%,0.1%
tvm_351_without,146,351,1599,141184,143134,0.2%,1.1%
tvm_351_without,147,509,857,143104,144470,0.4%,0.6%
tvm_e29_with,1,26332,437,0,26769,98.4%,1.6%
tvm_e29_with,2,26332,437,0,26769,98.4%,1.6%
tvm_e29_with,3,26332,437,0,26769,98.4%,1.6%
tvm_e29_with,4,26332,437,0,26769,98.4%,1.6%
tvm_e29_with,5,13687,795,26752,41234,33.2%,1.9%
tvm_e29_with,6,13687,795,26752,41234,33.2%,1.9%
tvm_e29_with,7,13687,795,26752,41234,33.2%,1.9%
tvm_e29_with,8,13687,795,26752,41234,33.2%,1.9%
tvm_e29_with,9,13687,795,26752,41234,33.2%,1.9%
tvm_e29_with,10,18410,955,41216,60581,30.4%,1.6%
tvm_e29_with,11,18410,955,41216,60581,30.4%,1.6%
tvm_e29_with,12,18410,955,41216,60581,30.4%,1.6%
tvm_e29_with,13,4024,589,60544,65157,6.2%,0.9%
tvm_e29_with,14,246,334,65152,65732,0.4%,0.5%
tvm_e29_with,15,246,334,65152,65732,0.4%,0.5%
tvm_e29_with,16,246,334,65152,65732,0.4%,0.5%
tvm_e29_with,17,4387,2487,65664,72538,6.0%,3.4%
tvm_e29_with,18,169,364,72448,72981,0.2%,0.5%
tvm_e29_with,19,169,364,72448,72981,0.2%,0.5%
tvm_e29_with,20,904,455,72576,73935,1.2%,0.6%
tvm_e29_with,21,904,455,72576,73935,1.2%,0.6%
tvm_e29_with,22,530,393,73856,74779,0.7%,0.5%
tvm_e29_with,23,530,393,73856,74779,0.7%,0.5%
tvm_e29_with,24,530,393,73856,74779,0.7%,0.5%
tvm_e29_with,25,1756,120,74752,76628,2.3%,0.2%
tvm_e29_with,26,1900,305,76544,78749,2.4%,0.4%
tvm_e29_with,27,1900,305,76544,78749,2.4%,0.4%
tvm_e29_with,28,778,2526,78720,82024,0.9%,3.1%
tvm_e29_with,29,778,2526,78720,82024,0.9%,3.1%
tvm_e29_with,30,2781,1002,81920,85703,3.2%,1.2%
tvm_e29_with,31,2781,1002,81920,85703,3.2%,1.2%
tvm_e29_with,32,438,684,85632,86754,0.5%,0.8%
tvm_e29_with,33,3340,3690,86656,93686,3.6%,3.9%
tvm_e29_with,34,143,1740,93568,95451,0.1%,1.8%
tvm_e29_with,35,123,129,95360,95612,0.1%,0.1%
tvm_e29_with,36,996,707,95488,97191,1.0%,0.7%
tvm_e29_with,37,640,256,97152,98048,0.7%,0.3%
tvm_e29_with,38,318,1374,98048,99740,0.3%,1.4%
tvm_e29_with,39,1678,146,98304,100128,1.7%,0.1%
tvm_e29_with,40,1327,202,100096,101625,1.3%,0.2%
tvm_e29_with,41,165,132,101504,101801,0.2%,0.1%
tvm_e29_with,42,422,160,101760,102342,0.4%,0.2%
tvm_e29_with,43,223,473,102144,102840,0.2%,0.5%
tvm_e29_without,1,26332,328,0,26660,98.8%,1.2%
tvm_e29_without,2,26332,328,0,26660,98.8%,1.2%
tvm_e29_without,3,26332,328,0,26660,98.8%,1.2%
tvm_e29_without,4,26332,328,0,26660,98.8%,1.2%
tvm_e29_without,5,13199,1789,26624,41612,31.7%,4.3%
tvm_e29_without,6,251,216,41600,42067,0.6%,0.5%
tvm_e29_without,7,251,216,41600,42067,0.6%,0.5%
tvm_e29_without,8,251,216,41600,42067,0.6%,0.5%
tvm_e29_without,9,8859,307,41984,51150,17.3%,0.6%
tvm_e29_without,10,8859,307,41984,51150,17.3%,0.6%
tvm_e29_without,11,8859,307,41984,51150,17.3%,0.6%
tvm_e29_without,12,3105,234,51072,54411,5.7%,0.4%
tvm_e29_without,13,3105,234,51072,54411,5.7%,0.4%
tvm_e29_without,14,2500,251,54400,57151,4.4%,0.4%
tvm_e29_without,15,2500,251,54400,57151,4.4%,0.4%
tvm_e29_without,16,167,262,57088,57517,0.3%,0.5%
tvm_e29_without,17,167,262,57088,57517,0.3%,0.5%
tvm_e29_without,18,461,195,57472,58128,0.8%,0.3%
tvm_e29_without,19,461,195,57472,58128,0.8%,0.3%
tvm_e29_without,20,2061,183,58112,60356,3.4%,0.3%
tvm_e29_without,21,393,156,60288,60837,0.6%,0.3%
tvm_e29_without,22,254,130,60800,61184,0.4%,0.2%
tvm_e29_without,23,798,2890,61184,64872,1.2%,4.5%
tvm_e29_without,24,996,194,64768,65958,1.5%,0.3%
tvm_e29_without,25,566,2550,65920,69036,0.8%,3.7%
tvm_e29_without,26,327,475,68992,69794,0.5%,0.7%
tvm_e29_without,27,1216,5160,69760,76136,1.6%,6.8%
tvm_e29_without,28,1664,13313,76032,91009,1.8%,14.6%
tvm_e29_without,29,4056,2750,91008,97814,4.1%,2.8%
tvm_e29_without,30,4150,2490,94976,101616,4.1%,2.5%
tvm_e29_without,31,4150,2490,94976,101616,4.1%,2.5%
tvm_e29_without,32,188,13025,101504,114717,0.2%,11.4%
tvm_e29_without,33,13257,385,101632,115274,11.5%,0.3%
